city,location,text
denver,"Denver, CO",@CNN Glad the travel ban has been re-instated. The problems we have had here are all related to last POTUS being asleep at the wheel.
atlanta,"Atlanta, GA",Jobs don't respond fast enough if ur qualified ut I u not they'll reject ya ass 5 minutes after u applied
chicago,"Chicago, IL","From the desk of @DavidALee, Director of Military Programs @CVSHealth - 30 Military Transition Tips https://t.co/ee3Affxy1s"
los angeles,"Los Angeles, CA","New York Knicks are said to be interested in former Cleveland Cavaliers general manager David Griffin.

#NBA https://t.co/cGx9kbb1u0"
new orleans,"New Orleans, LA","@AtlantaAndAlaia You and your Thetans, ma'am."
atlanta,"Atlanta, GA","Yes, #healthcare is definitely about #racism - in fact, everything is #racist - surprised you weren't already aware https://t.co/3UrsOnfDZ5"
los angeles,"Los Angeles, CA",RT @90Tulip2: ÿ™ŸÖŸÜŸäÿ™ ÿ∞ŸÉÿ±Ÿâ ÿ™ÿØŸàŸÖ ŸÑŸÑÿ£ÿ®ÿØ Ÿäÿ≥ÿπÿØŸÜŸä ÿ∞ŸÉÿ±Ÿáÿß ŸÅÿØÿßŸÖÿ™ ÿßŸÑÿ∞ŸÉÿ±Ÿâ ÿ≠ÿ≤ŸäŸÜÿ© .
miami,"Miami, FL",Corsola available until 12:30:02pm (30m 5s). https://t.co/K8w595Zg29
miami,"Miami, FL",General Construction Master https://t.co/rbKuMrRBQH
chicago,Chicago,"GreenAppleCampus's mission is to inspire the innovators of the future through creative, challenging STEM,... https://t.co/YcIffARfJO"
atlanta,Zone 4 Atlanta,RT @1YUNGFRESH: #INBANKWETRUST #COMINGSOON #STRREEEET #STREETMONEYWORLDWIDE https://t.co/U9iOnkYpjw
chicago,Chicago,"RT @chlothegod: bitch if I was making $10,000 every 27 seconds I would love it too. https://t.co/6bw7iaVJ2K"
atlanta,"Atlanta, GA",Lmao lmao lmao https://t.co/5kCmfQzbWb
los angeles,Los Angeles,"Me: This is ridiculous

*Continues eating french toast and tater tots* https://t.co/6EJbUWWtRh"
chicago,"Chicago, IL",RT @SethAbramson: (10) 18 U.S.C. 1001. https://t.co/YtwY2a7s5h
chicago,"Chicago, IL",@ambrosylum bi sikt≈ür git hadi
miami,"Miami, FL",RT @antwtf: alternatively: you're a rapist https://t.co/7RLBpB23N1
philadelphia,"Philadelphia, PA","Who has the right to restrict #freespeech? Let's find out:
https://t.co/WoOqszQfM5"
los angeles,"Los Angeles, CA",RT @mi_me_i: „Åø„Åè„Å´„ÇÉ„Çì„Å®„Ç¢„É¥„Ç°„É≥„ÉÅ„É•„Éº„É´„Åó„Åü„ÅÑ‚Ä¶‚Ä¶‚Ä¶‚Ä¶‚Ä¶ https://t.co/pSpkDcwSRk
dallas,"Dallas, Texas",RT @TplusZero: Want to know what a bank with a balance sheet of ‚Ç¨731 billion thinks about @Ripple ? #xrpthestandard $XRP https://t.co/qkAp8‚Ä¶
miami,Miami Beach,RT @CHARLIXB0X: mdr c pas un joint √ßa c un couscous https://t.co/c139owJukE
los angeles,The Greater Los Angeles Area,"@TypicalCritc @thelonelydalek @tariqnasheed @chescaleigh Hahahaha the white supremacists have spoken, those are his‚Ä¶ https://t.co/evwps1K7MI"
chicago,chicago,RT @somecrazyness: the US has a long way to go https://t.co/UNmDDlwfql
dallas,"Dallas, TX",RT @pinkdedos: @__Jackie__23 Bring him to my house it's pet friendly ;-)
houston,"Houston, TX",Ranger's Disciple/10 pagesfree https://t.co/jg8At5J96x
los angeles,Los Angeles,"RT @TrumpMaximus: #This

#TrumpTrain2020 #MAGA https://t.co/dUeFkbsI1z"
chicago,"Chicago, IL",This is really cool: Pilsen celebrates the Fourth of July with a bang https://t.co/M9w99Lj7JC
chicago,"Mt. Zion, IL ‚Ä¢ Chicago, IL",RT @dubstep4dads: if u put a parental advisory warning on any picture of ruth bader ginsburg it immediately becomes a hard ass mixtap‚Ä¶
seattle,Seattle,-  https://t.co/4NBawiYHIo
seattle,"Seattle,WA",@MrNickCharles @Marvel #TeamLockjaw
boston,long island - boston,@mitchellvii Really laying the groundwork for impeachment :)
atlanta,"Atlanta, GA",RT @domhennessy: I thought this was a big ass taki https://t.co/i6itEDc6UI
philadelphia,"Philadelphia, PA",@pjrvs i suggest thoughtleader@ratophile.ca
los angeles,"Los Angeles, CA",Back to Basics: A Primer on Marketing Metrics by @actonsoftware https://t.co/F0yozDYHdA #b2bMarketing #b2b
atlanta,"Atlanta, Ga.",Just posted a photo https://t.co/OatjLk023H
new orleans,"New Orleans, LA",I never met somebody who knew how to switch up that fast
seattle,"Seattle, WA",Streaming in approx 60 minutes. üéÆ https://t.co/8xnsLXqJ6W
houston,"Houston, TX","Now that you have invested the time and money into #salestraining, how do you make sure it sticks? https://t.co/IGQmnguZxb"
boston,"BOIüîú Boston, MA & Albany, NY",RT @IowIitf: 49. Ketchup is unnecessary and extra. It's also disgusting and ugly. FATCS. https://t.co/USzHS8fzjA
boston,Boston,"@theta1138 Stay on brand, Dan."
los angeles,"Los Angeles, CA",RT @karla0mariana: Like si se te hace gorda y babosa https://t.co/SGgEHEaKTL
los angeles,Los Angeles,"Like my good friend @nickede says .#loveislove ! üíï#Repost lauraluna.ll (get_repost)
„Éª„Éª„Éª
regrann‚Ä¶ https://t.co/4iWStn0cEu"
los angeles,"Los Angeles, CA","RT @sstoneyyy: y'all are wimps, this is my shit https://t.co/uwqPtxiQEU"
chicago,"Chicago, IL",Everybody can get excited to play the games. But are you willing to pay the price and sacrifice in the off-season? ‚Äì Peyton Manning #sports‚Ä¶
boston,"Boston, MA",RT @DuxburySports: James Guiliano &amp; Will Poreda at US Club Soccer National Cup. Won the mid-Atlantic regional to move on to Nationals. http‚Ä¶
dallas,"2615 Routh St. Dallas, TX",We are so proud to have students from all backgrounds and talents with us! Here is one of‚Ä¶ https://t.co/tG3R9qMfSK
denver,Denver CO,"What have you done to upgrade your business lately? 
Let's get going! Click -&gt; https://t.co/xnPdnyRR4M‚Ä¶ https://t.co/YNAlxuvl5y"
houston,New Orleans - Houston - London,Nothing can keep us apart https://t.co/P6I1cnwS9p
chicago,"Chicago, IL","‚Äú80% of Black mothers are breadwinners, either the sole earners or earn at least 40% of household income‚Äù -@IWPResearch"
los angeles,South Gate/Los Angeles CA,RT @ImmortalTech: There is no secular proof of his existence. That's why they call it faith...son https://t.co/CBOeJqjc6Z
dallas,"Dallas, TX","With #4IR &amp; the rise of #AI, will the notion of self disappear? New blog by #OpenText CEO @markbarrenechea.‚Ä¶ https://t.co/kVXx0VRSse"
boston,"Boston, MA","RT @businessinsider: This glass box on top of the Willis tower lets you stand 1,353 feet above Chicago https://t.co/VQwa3eU86O"
new orleans,"New Orleans, LA","RT @Evan_McMullin: It must be said: if you're a Republican leader and you're still supporting President Trump, you own this."
dallas,"Dallas, TX","RT @MF_Brown: Jay-Z - No New Rules (544 MBs)

*Added \"Drug Dealers Anonymous\"

https://t.co/albKPiIN9b https://t.co/EU9c8xD24U"
houston,Houston/Austin,@Adamn__ @seanhawklsm Lmao
chicago,chicago,RT @FashionBirthMe_: Being under him would be nice rnüò©
atlanta,Atlanta-ish,RT @Iordthisdick:  ∏·µâ·µÉ ∞ ·∂ú·µÉ‚Åø ·∂¶ ·µç·µâ·µó ·µÉ ·µò ∞ ∞ ∞ ∞ ∞ ∞ ∞ ∞ ∞ one boneless pancake https://t.co/c0zFNjBUzu
philadelphia,"Philadelphia, PA","RT @Temple_FB: What's more Philadelphia than this? ü•ä

#RockyWorkout #theSTANDARD 

üö´ TOUGH GUYS ONLY üö´ https://t.co/kGNx6uhjFs"
boston,"Boston, MA.",Being a healthy bitch sucks but it's worth it
chicago,White Fluffy Cloud #Chicago,"RT @DeepLearn007: Why Deep Learning Matters &amp; What‚Äôs Next for AI
#AI #machinelearning #deeplearning #bigdata #ML #DL #tech‚Ä¶"
los angeles,"Los Angeles, CA","\"everyone has a reason for waking up in the morning mine is you\" selenagomez follow me please? love you lots June 29, 2017 at 01:01PM"
chicago,"Chicago,IL",That moment when you're at the door waiting for a @FedEx package only to see the truck drive by &amp; an email 10 min later saying undeliverable
los angeles,"Los Angeles, Ca","@OminousDaGOAT @Ecodus11 @mike81494 Aquaman has a ridiculous D2, you dont get to complain about J2. And whip trip i‚Ä¶ https://t.co/S88ObouewA"
miami,"Miami, FL","Looking where to celebrate 4th of July, we have you covered:... https://t.co/1dXFflGMRi"
miami,Miami/Atlanta,"RT @_CollegeHumor_: Once these have left the surface of my eyeballs, My day is over. I‚Äôm dead to the world https://t.co/Uey8ZylnZY"
chicago,Chicago Illinois,"‚ÄúChange is automatic, but Growth is intentional.‚Äù 
Izey Victoria Odiase https://t.co/Yc6BLHFDvi"
atlanta,"Atlanta, GA",#Flu viruses circulate at low levels during summer; CDC collects &amp; analyzes flu viruses all year. View reports here: https://t.co/o2BatjDTQN
miami,miami,Would You Swipe Right On These Pasta¬†Dishes? https://t.co/GE9pxK4F63
miami,"Miami, FL",RT @sinfulbluu: I'm too goofy for this shit. Be in that bih flying around like Peter Pan ü§¶üèΩüò≠. https://t.co/hBEUEbiRLz
miami,"MIAMI,FL","It's too early for this,y'all have a great day today, stop stressing what you have no control over ‚úåüèæÔ∏è"
houston,"Houston, TX",RT @gainfallowers: : follow everyone who retweets thisüöë
los angeles,"Los Angeles, CA",Koi bhi uth K leader ban jata hai so intolerance of Hindusüòèhuh were r libtards!No knowledge of Economics apparently‚Ä¶ https://t.co/R5EwglW941
houston,houston,RT @seanhannity: So true https://t.co/6LuD49OYnS
seattle,"Seattle, Washington",RT @Gizmodo: A deadly brain-invading worm is disturbingly widespread in Florida https://t.co/4q1n99JnGW https://t.co/484wdF4a4B
chicago,"Chicago,IL","üò≠
Fifth Harmony - Impossible (Dancing with the Stars 2017) https://t.co/noruSLZx5r"
los angeles,"Los Angeles, CA",I'm confused why more of you aren't talking about the fact that Elon Musk drank a bottle of cough syrup last night. https://t.co/i80xfT8O1P
dallas,"Dallas, Texas","RT @Spurnandez210: 2 GOATs, 1 birthday!!! #KawhiTho #SagerStrong https://t.co/JWGsKCXco6"
los angeles,"Los Angeles, CA",@geeannerabaya7 @iamAngelSoriano Kauwaw sa mo guys oy model rba na naunsa üòÇüòÇ
los angeles,"Los Angeles, CA",RT @Iovingsunsets: https://t.co/kOJLFJX8mT
chicago,"Chicago, IL",RT @6etray: ‚Äúno one tells me to leave but no one begs me to stay.‚Äù
boston,"Boston, MA","Coming up @hereandnow: how the Illinois special session is going, 2 years into the budget stalemate. (Spoiler: not great!) w/ @NialaBoodhoo"
chicago,Chicago & SW Michigan,RT @samswey: Has the White House explained how banning grandmothers from entering the country ensures national security? https://t.co/aLmx6‚Ä¶
houston,"Southwest Houston, Texas","Driving to Montgomery, sharing real-time road info with wazers in my area. ETA 11:09 AM using @waze - Drive Social."
los angeles,"Los Angeles, CA",@Gaymerfp People who think they can't die in a explosive proof truck.
boston,"Boston, MA",#4thofJuly plans got you feeling patriotic?? We've made it very easy to support #Veterans and the Home Base mission‚Ä¶ https://t.co/bYonmh2f9M
chicago,"Chicago, IL","#SmritiMandana wow! Just wow!
#ProudIndian #proudmaheshwari #proudmarwari #ICCWomensWorldCup #INDvWI"
new orleans,"New Orleans, LA",She lol better in the later https://t.co/ksisNIHqPY
los angeles,"Los Angeles, CA",New episode of @mightbang1 is up with @TiffaniThiessen! Tune in: https://t.co/bdGNbg0VMV https://t.co/SXuTqxSulJ
atlanta,East Atlanta,RT @austin_nitsua_: Be your own person
dallas,Dallas ü§¶üèæ‚Äç‚ôÄÔ∏è,@whoDAfuckisTIKI of course you are üòè
chicago,"Chicago, IL",Pussy is like a high point ü§∑üèΩ‚Äç‚ôÇÔ∏è it works when it want to üôÑ https://t.co/vtVjh01Sve
dallas,"Dallas, TX","RT @Pluckers: \"If you didn't go to Pluckers without me, then where'd that sauce stain come from?!\" https://t.co/kI0J43ocHK"
new orleans,New Orleans,Between myself my moms sister &amp; my dads sister the kid is definitely spoiled
seattle,"Seattle, WA",üì∑  https://t.co/ZeGwqLCC9L
los angeles,"Koreatown, Los Angeles",@GoGoGogia @alicomedy  https://t.co/GRytDNaARO
los angeles,Los Angeles,-  https://t.co/DXjzi8m5BC
philadelphia,"Philadelphia, PA",@Khanoisseur Here's the link to full article: https://t.co/ijqNxFfyNR
miami,"Miami Beach, FL",@mzam_morab Come with me daddy I'm very horny and wet https://t.co/zdHW966dTT
dallas,"Dallas, TX",RT @BleacherReport: The new Hawks arena will have a courtside bar and a barbershop üëÄ (h/t @darrenrovell) https://t.co/THIT6wEZzW https://t.‚Ä¶
houston,"Houston, TX",RT @IssaSista: They always try to sneak and do it a year or two later . We'll NEVER forget . #SayHerName https://t.co/7x4UG7lLhh
new orleans,"New Orleans, LA","RT @NatOnDeck: If you have someone who goes out of their way to make it obvious that they want you in their life, you're a fool to let that‚Ä¶"
philadelphia,"Philadelphia, PA",Stay true to yourselfüëå Who are they to judge youüò± Fucküñïwhat they thinküí≠ Fucküñïhow they feelüëè LIVE YOUR LIFEüòÜüíØ
los angeles,"Encino, Los Angeles",GDP beats estimates as consumers spend more | https://t.co/eIMDus5EXe
chicago,Chicago Asf,RT @iamwilliewill: -she really leave you now you calling and crying begging for shorty back but she done moved on and changed her hair‚Ä¶
houston,"Houston, TX","RT @History_Pics: Elvis, his father Vernon, and his grandmother Minnie Mae, 1959 https://t.co/as1UFuhCo1"
miami,"Miami, FL",RT APCentralRegion: #Indiana woman sentenced to 130 years for smothering her two children after kidnapping them fr‚Ä¶ https://t.co/eP1CVrZyQZ
boston,Tokyo‚áîBoston,„Ç´„ÉÉ„Ç≥„Åà„Åà„ÇÑ„ÇìÔºÅ https://t.co/oV2zwzGjar
los angeles,"Los Angeles, CA","#webcamsex
 üé≤#escort
 üîûüòÉ#bigtits
 
‚û°https://t.co/0hOZhszTxo‚¨Ö https://t.co/JSKioVeF7G"
chicago,"Chicago, IL",RT @ChiBuildings: We summarized the changes coming to the North Branch industrial corridor and what that means for new development.‚Ä¶
philadelphia,"Philadelphia, PA",5 forwards the Sixers should target in free agency https://t.co/EsrZVv3tem #SixersTalk
dallas,"Dallas, TX","RT @AdamParkhomenko: Putin's long history hacking foreign elections &amp; critical infrastructure re: Ukraine, cybertarget of choice detailed h‚Ä¶"
miami,"Miami, FL","RT @Kony_Hawk: When autocorrect changes \"bro\" to \"boo\" https://t.co/NHpHhjK5i8"
boston,"boston, massachusetts",Important: Theoretical Scientists Gather To Try To Determine How Gas Nozzle Knows When Tank Is Full https://t.co/S84agMpNvf via @theonion
miami,Miami,"Another Satisfied Client‚ôªÔ∏è Another Successful Flip üí∞ DM Me Now To Get Yours, 30 Minute Process No Bank Needed ‚ÄºÔ∏èü§ë https://t.co/Oi4PEDVvZp"
los angeles,"Los Angeles, CA",@blakeishotaf @DianaPatricia8 It's the new cover for their new song together
houston,"Houston, TX","RT @Thesupercole: At the end of the day, if you surround yourself with people who love you and love Jesus more, you're on the right path."
chicago,Chicago,Take a look in the mirror say wassup
dallas,Dallas TX,Uhhh NO MA'AM... Four Women Sue Dallas Spa After Employees Snap Cell Phone Pics Of Them In Facility's Locker... https://t.co/7Uphkf6NfU
miami,"Miami Beach, FL",RT @Dope_Promo: I look at this new app the same way that Ellen looked at Katy Perry üòÇüòê https://t.co/gW05KdHZlG
los angeles,"Los Angeles, CA","RT @FrancininMaraj: drink water 
eat good 
have nasty sex
mind ya business"
atlanta,"Atlanta, GA",#NowPlaying Gelato by Young Dolph on the new X108! https://t.co/GWa1p1JSbM
boston,"Boston, MA","RT @CecileRichards: In support of every sister who has been harassed on the street, on the job, or on twitter #standwithmika"
dallas,"Dallas, TX",@KodakBlack1k Guess he's back on social media
miami,Miami...sadly,That tweet right there is why I always say fuck the art community
atlanta,atlanta,"RT @Christina_Pano: This Fitness Blogger Reveals What Happens When You Don‚Äôt Shave For a Year 
https://t.co/ljA7UnnVLW"
los angeles,"Los Angeles, CA",@TrentMFCasper @KendallJenner Her and Kylie are cancer IMO
boston,"San Diego, CA via Boston & PA",I am not on a Trump-hating mission &amp; I sincerely hate to engage in politics here. But my goodness. Have some dignity.
denver,Denver CO,https://t.co/HhZOgJ19Ar
chicago,Chicago,@DreamzyLive Showing off our cold one. https://t.co/C3GWZACul7
new orleans,"New Orleans, LA","Who are some fun comic/graphic novel related accounts to keep up with? Publisher, creator, fan, whatever. Any favorite vendors?"
houston,"houston,texas","RT @OxigenoFM: .@Legarda lanza el video oficial de ‚ÄòNecesito tu amor‚Äô

M√≠ralo aqu√≠: https://t.co/RCy4NW61yz https://t.co/8OaoLpRMli"
atlanta,"Atlanta, GA","RT @_Gimzy: \" l'amour √ßa n'a pas d'√¢ge \" mdr https://t.co/zCqGwmebdc"
houston,"Houston, TX","People so damn hurt over a twitter hashtag..

I'm dead üíÄ https://t.co/dB8GTsGQn9"
houston,"Houston, USA / Moscow, Russia",16 winners from Simona. https://t.co/tOGndMgy5E
los angeles,"Los Angeles, CA",RT @_Gifporn_: https://t.co/B6RnXlYMgn
dallas,"Dallas, TX","RT @Scavino45: House VOTES today for-

#NoSanctuaryForCriminalsAct #KatesLaw 

Jamiel Shaw joined @foxandfriends this morning‚§µÔ∏è https://t.c‚Ä¶"
houston,"Houston, TX",RT @WORLDSTAR: Which is worse.. haircut or the name?! üò≥üòÇ https://t.co/ElxH2lNPme
houston,"Houston, TX","RT @BlvckGrip: Judge: Anything you say will be held against you

Boy: Titties

Lawyer: Fuck, he's good https://t.co/dWYA4lbIW4"
seattle,"Seattle, USA","Save on popular games, movies, and more with Google Play‚Äôs summer sale 2017 https://t.co/jgP6TAhb8j @slideme https://t.co/dLOAtpexMe"
atlanta,"Atlanta, GA","\"We're making history.\" No, you made garbage. https://t.co/bZjfML1Xml"
chicago,"Chicago, IL","RT @RickandMorty: Join us LIVE tonight at 9pm ET on https://t.co/GVRbUhi7Bu!
In the meantime, watch the RAM marathon happening here:‚Ä¶"
atlanta,"Atlanta, TX",-  https://t.co/9nxnWHXuab
atlanta,"Atlanta, GA",Let me take my ass back to work
seattle,"Seattle, WA","RT @youngturksrec: Watch @The_xx's 'I Dare You' video, shot in LA, directed by Alasdair McLellan + creative directed by Raf Simons.‚Ä¶"
houston,"Greater Third Ward, Houston",RT @pettyblackgirI: wow I love karma https://t.co/4FEooS5YH3
chicago,Chicago Il,"RT @QuakesToday: 2.4 magnitude #earthquake. 38 km from #PƒÅhala, HI, #UnitedStates https://t.co/0qIyukvrH4"
chicago,Chicago,"RT @activist360: Morning Joe: Like a modern version of the madness of King George, it's utterly insane for Trump to attack a morning talk s‚Ä¶"
los angeles,"Los Angeles, CA",RT @artificaIly: drawings on maps https://t.co/srweXZFMgX
chicago,"Chicago, IL","RT @Kennymack1971: Who knew that if you gave a racist, sexist dummy the keys to our nation's highest elected office things wouldn't go well?"
chicago,"Chicago, IL",RT @ESPNSteinLine: League sources say teams were notified this week Bogut is cleared for running/jumping and closing in on a return to full‚Ä¶
los angeles,Los Angeles,@realDonaldTrump Sooo presidential wtf
denver,"Denver, CO",RT @Randy_Gage: El gusto es mio RT @leadprooficial1: @Randy_Gage gracias por ense√±arnos tanto. #Alumbra2017 https://t.co/dNoHPsIJCF
chicago,"Chicago, IL",RT @KalinaRyu: stay gold üíõüíõ @runjewels
chicago,"Chicago, IL",RT @KalinaRyu: stay gold üíõüíõ @runjewels
seattle,"Seattle, WA",RT @beloved_beast: @_indie_horror https://t.co/5A3k9oC1uO #HorrorMovies #TEASER #Trailer
los angeles,"Los Angeles, CA","#Casual and #dress #Belts by MontiUSA
https://t.co/WATAEKdo6W https://t.co/HlgjzDp5aE"
miami,"Miami, FL",RT @BuickCanada: Elegance that elevates expectations: the chrome waterfall grille on the #BuickEnvision SUV. https://t.co/C2ykgSD4B7 https:‚Ä¶
chicago,"Chicago, IL",I am a
boston,"Boston, MA",RT @xoxoshanta_: My bf calls me when I'm filming telling me to do a cut crease &amp; to put on a yellow shirt to match my eyeshadow. Who‚Ä¶
new orleans,"New Orleans, La.",RT @megfarrisWWL: Local youths beautifying the Guste homes for senior citizens as part of Essence Day of Service. https://t.co/WcxDGmSF25
miami,"Miami, OK",&lt;&gt;  https://t.co/JkiVvjMrUv
denver,"Denver, CO",RT @Zyphree_: I feel attacked https://t.co/M13UBfBEqT
los angeles,"Los Angeles, CA",@xblackseaxys Aldƒ±ƒüƒ±m kahveyi de √ß√∂pe atacaƒüƒ±müòè
new orleans,"New Orleans, LA","RT @pbbh92_: rt ‡∏ï‡∏≤‡∏°‡∏ó‡∏±‡∏Å‡πÄ‡∏î‡∏°‡∏Ñ‡∏£‡∏±‡∏ö , üåàüíò"
atlanta,"Atlanta, GA","RT @ufc: RT to wish \"Thug\" @RoseNamajunas a Happy Birthday üåπ https://t.co/Hjim05AOgp"
detroit,Near Detroit River in ON or MI,RT @kirsten_poling: Who knew harvesting mucus could be so fascinating?? https://t.co/HZziZmYRXL
seattle,"Seattle, WA",@simplynutmeg Wait really what's happening? I'm intrigued
chicago,Chicago,"RT @theferocity: The call is coming from inside the house, girl. https://t.co/adqXRd6Amy"
chicago,"Chicago, IL",RT @PimpDaddy_Dee: I dead ass don't want anything to do with you anymore https://t.co/S6hdUS9Oh9
los angeles,Los Angeles & THE MOON,Tim Hofman en Jan Versteegh over hun sexy shoot - RTL LATE NIGHT https://t.co/UALtKZITA8
detroit,"Detroit, MI",RT @beautifulcelebz: Emily Ratajkowski üî• https://t.co/jJYYbpHbuN
atlanta,"Atlanta, Georgia",5 #Leadership Habits All Great Bosses Share. https://t.co/NFiTIXbSFF  #Business  #Management  #BizTips
miami,"Miami, FL",It's raining sideways on this part of the fence...
atlanta,Atlanta,RT @Adolfhibsta: Billy didn't hold back at all üò≠ https://t.co/OM2taZ7XYB
atlanta,Atlanta,RT @creamdiggerva: #Throwback of me and my 5'6 fuck buddy. Some of the best ass ever! üçëüí¶üí¶üí¶ https://t.co/WiZuzQV7E3
miami,"North Miami Beach, FL","RT @TheRealRosiee: I just wanna do everything with one person forever...argue, sex, grow, loveüíïü§ûüèΩ"
new orleans,"New Orleans, LA",RT @UrbanMediaLLC: Stop treating your life like it is something you pass or fail. There is no right way to experience the journey.
atlanta,Atlanta Ga,Young Joc - Coffee Shop https://t.co/1DXgbquYGi #nowplaying #listenlive
atlanta,"Atlanta, GA",Why Do We Buy? Because Of These 5 Persuasive #Copywriting Triggers https://t.co/nE6dbSx4ou via @AppSumo #psychology https://t.co/0JBTtS8RPL
seattle,"Seattle, WA","RT @River_Enza: This my baby, Yoshi. We met today, at the perfect time. https://t.co/4ApnxwtWsp"
atlanta,"Atlanta, GA",Hey you did.  Check this out. @realDonaldTrump @POTUS https://t.co/2qlX8kEmBQ
houston,"Houston, Texas",RT @DildoBits: @afterglowaj Have you not read a history book
seattle,"Seattle, WA",RT @MintWu_: ‡πÇ‡∏≠‡πä‡∏¢‡∏¢‡∏¢‡∏¢ ‡∏ß‡∏á‡∏ß‡∏≤‡∏£‡∏´‡∏ô‡πâ‡∏≤‡∏Å‡∏≤‡∏Å‡∏ã‡∏≤‡∏•‡∏≤‡πÄ‡∏õ‡∏≤‡∏≠‡πà‡∏∞ ‡πÅ‡∏•‡πâ‡∏ß‡∏Å‡∏ß‡πà‡∏≤‡∏û‡∏µ‡πà‡∏Å‡∏±‡∏ô‡∏ï‡πå‡∏à‡∏∞‡∏ä‡πà‡∏ß‡∏¢ ‡πÇ‡∏î‡∏î‡∏ó‡∏±‡∏ö‡∏Å‡πà‡∏≠‡∏ô‡∏Å‡πá‡πÑ‡∏î‡πâ‡∏´‡∏£‡∏≠555555555555555555555555 #themasksinger2‚Ä¶
houston,Houston,Cc @TexasTech @TechAthletics https://t.co/UQX1dO6mon
dallas,"Dallas, TX",RT @CWROrcas: New paper out today links SRKW pregnancy failure to nutritional stress. https://t.co/Ezb0fuQTHd
philadelphia,"Philadelphia, PA",RT @rdauterman: 25 years of drawing Jean https://t.co/eD2jdsG1FR
boston,Boston,RT @CityLab: Toward being a better gentrifier https://t.co/FIcMuA33zB #CLNeighbors https://t.co/vRhk4dY3jm
houston,"Houston, TX",RT @ThousandnaireHd: You can hit that repeat button with this oneüòé https://t.co/avyvz9nxDp
houston,"Houston, Tx","RT @_gxddessx3: If you want something bad enough, you'll work hard to get it"
boston,"Boston, MA",Flips off? https://t.co/S96mK26tqd
miami,"Miami, FL",DR https://t.co/5VXSm72jRb
los angeles,"Los Angeles, CA",RT @PeopleTattoos: https://t.co/AfyPSAXGIy
chicago,"Chicago, IL","RT @robdelaney: Because he's \"not a fucking idiot.\" https://t.co/oQlceAntay"
seattle,"Seattle, WA",RT @1Dragun: One burned you alive and the other one gave you electric shocks üòÇüòÇ https://t.co/6XwweSHOpl
houston,"Houston, Tx",RT @1Dragun: One burned you alive and the other one gave you electric shocks üòÇüòÇ https://t.co/6XwweSHOpl
new orleans,"New Orleans, LA",RT @McJesse: I photoshopped a flesh-light into the background of this photo please RT so one day it accidentally get's used in a‚Ä¶
los angeles,"Los Angeles, CA","Hot off the press! TODAY ON GOOGLE+
Acupuncture, Oriental Medicine, Health + Wellness https://t.co/dtpnYigqbu Delivering you health care"
chicago,Chicago IL,RT @monsoon2112: @MrDane1982 this moment was my favorite of campaign. it was genuine.  i also knew it made a lot on the right and le‚Ä¶
chicago,Chicago,"RT @NCTsmtown: #NCT127 #CherryBomb 
https://t.co/urfA2YjJwQ"
boston,"Boston, MA",@andybehrens @YahooNoise Lou Will couldn't last 5 minutes writing about fantasy sports! Needs to rethink his angle here ...
houston,houston MF texas,RT @salvajee_: i gained some weighttttt!
philadelphia,"Philadelphia, PA",RT @morningmika: https://t.co/8YhzcCUwM1
philadelphia,"Philadelphia, PA",How tf did Carrie get the rocks to fall from the sky?? ü§î
miami,"Miami, FL",RT @ajplus: The recent lynchings of Muslims in India are giving rise to a protest movement. https://t.co/6pTfVutRHc
atlanta,Atlanta,"Sen. Graham, we knew this guy was an idiot before he was elected POTUS. Your party would rather kiss his ass than h‚Ä¶ https://t.co/kA93oD8gtU"
houston,"Houston, TX","RT @BuAboutBillis: Girls ain't got no space in they phone cause it's full of screenshots waiting to say \"So you ain't say that?\""
new orleans,¬ª new orleans; saturno. 17;,@MadiPsychoGdr_ s√¨
los angeles,"Los Angeles, CA","RT @tedlieu: Dear @realDonaldTrump: You probably  should not use any form of the word \"crazy\" when describing someone in your fu‚Ä¶"
houston,"Houston, TX","RT @selves: i don't believe in \"breaks\" during a relationship. If you want a \"break\" ill break ya neck for wasting my time"
los angeles,"Los Angeles, CA","RT @BillyIdol: Rodney returns‚Ä¶
https://t.co/hTP5vMR6Fc"
houston,Houston Texass baby,JayZ dropping music tomorrow means ill be off twitter
atlanta,Atlanta,RT @goop: Wait - you're NOT already dry brushing? https://t.co/D5fn1yuOJr
miami,"Miami, FL","RT @GetCho_: Me: Ima just take a quick shower
Me: *30 minutes later* https://t.co/eDiCx2JohQ"
los angeles,"Los Angeles, CA",RT @SudarshanNewsTV: ‡§ò‡§∞ ‡§Æ‡•á ‡§ò‡•Å‡§∏ ‡§ï‡§∞ ‡§¨‡§≤‡§æ‡§§‡•ç‡§ï‡§æ‡§∞ ‡§ï‡§∞‡§§‡§æ ‡§•‡§æ ‡§∂‡§ï‡•Ç‡§∞ ‡§Æ‡§ø‡§Ø‡§æ‡§Ç. ‡§™‡•Å‡§≤‡§ø‡§∏ ‡§ï‡•á ‡§π‡§§‡•ç‡§•‡•á ‡§ö‡§¢‡§º‡§®‡•á ‡§∏‡•á ‡§™‡§π‡§≤‡•á ‡§ï‡§ø‡§∏‡•Ä ‡§ï‡•Ä ‡§ú‡§ø‡§Ç‡§¶‡§ó‡•Ä ‡§ï‡§∞ ‡§ó‡§Ø‡§æ ‡§¨‡§∞‡•ç‡§¨‡§æ‡§¶ https://t.co/UdH5Q‚Ä¶
philadelphia,"Philadelphia, PA",this bit KILLED https://t.co/YExyHnfgvM
miami,"Miami,Fl",RT @_PennyMachine_: $OTTV Pretty Incredible move there
boston,"Boston, MA","No marico tranquilo, tengo un novio con tremendo guevo de carne y hueso as√≠ que no lo necesito. https://t.co/ymmQk4jmwe"
seattle,"Seattle, WA",Omfg they made another catfish using my pics üôÑüôÑüôÑüôÑüôÑ
miami,"Miami, FL",RT @bniceloco: How that bitch go from I can call my brother to fucking that nigga üò≠ https://t.co/kic04u5C1q
chicago,"Chicago, Illinois",RT @RealSkipBayless: James Harden will soon become the NBA's most frustrated player and ultimately turn into the league's unhappiest. No lo‚Ä¶
boston,"Boston, MA","@nq_what I might have a few more suggestions, should I message you or post them here?"
denver,"Denver, CO","@comicsexplained Awesome, try not to spread the word about the winters actually being mild (unless in high country). It'll get too crowded."
miami,Miramar/Miami FL,"I Swear There's No Time For Women On The Come Up, It's Either The üê∫ Or The Commas... #DopeArtists @PostMalone"
denver,"Denver, CO",@casehighprinc @MelyssaFerro TY for Live Tweeting #ISTE17 Closing Keynote https://t.co/FcUXUlObXp
seattle,"Seattle, WA","RT @Freeyourmindkid: Hey look, a recruitment video for White Isis. https://t.co/WlKfRLcqtk"
atlanta,"Atlanta, Ga","RT @GlomarResponder: @jr_ed @laurakfillault It's a publicity mission, and I figure the SEALs already have agents and book/movie contracts."
dallas,"Dallas, TX","RT @frenchbullpuppy: A little help here üôäüòÇ
@yukaro72 https://t.co/VbXPVVhVOJ"
denver,"Denver, CO",RT @ChauncySmartt: I'm so blessed to be up and to see another day üôèüèæ
miami,"Miami, FL",RT @EuNotifiquei: https://t.co/ygH0NVdAQk
boston,"Boston, MA",We are playing @Burrenbackroom next Sun 7/9 with our buds @bethelsteele and @muhammad7even! Woo hoo! ‚úåÔ∏è&amp;‚ù§Ô∏è https://t.co/Dy7KTuFEC1
atlanta,"Atlanta, GA",11 steps to becoming a software engineer *without* a CS degree https://t.co/MEZfEpTyHg via @learncodewithme
los angeles,"Los Angeles, CA",RT @LadyOnTheMuna2: @bigshitxtalker IF ASAHD DONT TRUST YOU https://t.co/zgPgudZXp7
los angeles,"Los Angeles, CA","RT @wickedimproper: I thought someone microwaved haddock at work, but it's just Doris in billing having her issues again."
denver,"Denver, CO",RT @maaryamkhaled: i wanna go to a movie date
new orleans,"New Orleans, LA",Love you sooooo much and I can't wait to watch you grow as a person and a cook‚ù§Ô∏è https://t.co/gMaXbCEPeC
los angeles,Los Angeles,I'm heterosexual and I refuse to acknowledge this day especially when our @POTUS IS A HUGE SEXIST PIG!!  #HeterosexualPrideDay
denver,"Denver, Colorado","RT @BeardedDre: Shit made me choke up, we need more people in the world like this. Determined, willing and able. God bless everyone‚Ä¶"
seattle,"Seattle, WA",:|&lt;/3 https://t.co/ZR9EYhDFiU
atlanta,Atlanta GA,30 Social Selling Triggers for LinkedIn Success - eClincher https://t.co/3W6x0gpANP https://t.co/ZAd3gtdcZe
atlanta,Arkansas to Atlanta .,"RT @DieHard_SP08: I used to be SOOOO against marriage but being in a relationship like this got me thinking. \"Nigga this might be a win.\""
philadelphia,"Philadelphia, PA","Want to work at Citizens Bank? We're #hiring in #Aldan, PA! Click for details: https://t.co/5uJmZ3AbdX #cfgjobs #Banking #Job #Jobs"
atlanta,"Atlanta, GA","RT @KaptionThis: When in need, even the people i call friends abandon me https://t.co/x0Egg82Wq1"
seattle,"Seattle",RT @owenbarder: Health leaders should do more to tackle the threat of factory farms. https://t.co/q60u2xyxVi
philadelphia,"Philadelphia, PA",@Nas_k27 Oh no
philadelphia,"Philadelphia, PA",@Wo__ozus Ok mr no waist
boston,"Boston, MA",FREE ME
houston,"Houston, TX",J cole damn https://t.co/Fjj4x8CJFr
dallas,Dallas/Baton Rouge,RT @vinehumor: YESSSSS KERMIT https://t.co/NoB71fe4XL
houston,"houston,texas","RT @Legarda: Ya pueden ver \"Necesito tu Amor\" versi√≥n reggaeton en YouTube üåé ü¶Å https://t.co/D4O5yqjn1M https://t.co/CtN1iklhaS"
denver,"Denver,.Colorado","@LucyAppa @EcoSexuality @realDonaldTrump My mistake, I don't use any of that crap so I hardly know the difference."
new orleans,New Orleans,This morning #echoshow taught me why my mom always had a small TV in the kitchen.
philadelphia,"Philadelphia, PA",RT @gIumkid: we done fucked up the environment so bad the animals are starting to clean up our mess. we don't deserve animals https://t.co/‚Ä¶
houston,"Houston, TX",Y siempre que se va regresa a mi
atlanta,Atlanta,-  https://t.co/Rz1VwhvrsS
atlanta,Atlanta,RT @careersingov: BUILDING INSPECTOR @CityofSantaRosa - https://t.co/kunh5pnCR6 @NFPA @internachi @IntlCodeCouncil @ConstructConnx @Califor‚Ä¶
detroit,Detroit,-  https://t.co/SPeMO2v085
los angeles,"Los angeles, Ca",You are excited to participate in activities with people who m... More for Libra https://t.co/zBcm6iFqkt
dallas,"Dallas, TX","RT @xo_crystal_: Im proud of being Hispanic, of my Mexican culture, speaking Spanish, my family, I love the food, the music, the traditions‚Ä¶"
seattle,Seattle,@WSUNPSEverett joins more than 500 colleges that are just starting a food pantry or have had one for several years.‚Ä¶ https://t.co/4BuPYRADm5
boston,"Boston, MA",@BeautifulKatieA @EmpireFed That's because we all know you're going to win by massacre!!!
miami,gettin high w. bieber |  miami,RT @Benoo_Brown: He said I've been to the year 3000 not much has changed but they sleep underwater https://t.co/KtowraOu01
chicago,"Chicago, IL",Ok. @glossier I have a problem. https://t.co/Yu68P4DyGd
houston,Houston,-  https://t.co/PMpjqnZXo2
dallas,"Dallas, TX",RT @Raeocchipinti: I don't know u bitches.
boston,Boston Massachusetts,"The Fall of Orthodox England - The Spiritual Roots of the Norman Conquest, 1043-1087  https://t.co/fJsEk4aWQr"
los angeles,"Los Angeles, CA","RT @SAFQEY: Today is the anniversary of the #Stonewall Riots of 1969. Today we celebrate trans WOC Marsha P. Johnson, who threw‚Ä¶"
chicago,Chicago - Atlanta,@bessie_samantha Did I not tell you to text me after your interview and lmk how it went?ü§î did you do that? ü§î
miami,miami,MNtech 20 Frequency Pulse USB Charging Electric Masturbation Oral Aircraft¬†Cup https://t.co/GewUgYlSYJ
miami,"Morelia, M√©xico || Miami","RT @alexiaBenitez4: Millonaria, sin escuela y sin lonjas, no mames wey https://t.co/9TzIu1tKiG"
chicago,"Chicago, IL",My pride in the way and I can't help it
chicago,"Chicago, Illinois","RT @SimpsonsQOTD: \"In America, first you get the sugar, then you get the power, then you get the women.\" https://t.co/XakHwtc1vV"
new orleans,"New Orleans, LA",RT @__lexxisss: mood: continue being patient..it's coming
detroit,Detroit,RT @Damaa__: @SirTonyy good morning!! And yesss a toast is in order!!! When will y'all be back üôÑüôÑ
chicago,"Chicago, IL",Bad Religion - Infected : #NowPlaying #np @ https://t.co/hsJbJgoaQj
chicago,"Chicago, IL",No child or human on earth needs the milk of any animal
denver,"Denver, CO",I'm here for this https://t.co/PZD9fmb4Tz
los angeles,"Los Angeles, CA",RT @dickfundy: I know the world is burning but that Inhuman show looks really dumb.
atlanta,Atlanta GA,@FoxNews I hope she backed up and ran him over again.
houston,"Houston, TX",RT @eliza_zawacki: 11. no this is a crayon https://t.co/FOvX1nwSlN
boston,"Boston, MA","RT @OrRite_Then: @DonaldJTrumpJr What is wrong with this guy, worst president ever &gt;
https://t.co/erYhQ5nUzz"
los angeles,los Angeles,"RT @ReporteYa: #29Jun Ataque contra personas, bienes y serv civiles esta prohibido por el Derecho Internacional https://t.co/adYYQlhX3z - @‚Ä¶"
denver,"Denver, CO",RT @AwardsDarwin: Chimpanzees + AK47 what could go wrong? https://t.co/m8ECi0xNWB
dallas,DALLAS,"RT @daniecal: Ya know, yt ppl idk if y'all are gonna really make it with this whole global warming &amp; sun exposure thing getting w‚Ä¶"
seattle,Seattle,-  https://t.co/Ye7gAlQLK0
miami,"Miami, FL",RT @PimpDaddy_Dee: I dead ass don't want anything to do with you anymore https://t.co/S6hdUS9Oh9
detroit,Detroit Michigan,"RT @Obey_Dario_: WHAT A TIME, WHAT A YEAR, UHüòùüí™üèΩ
‚Ä¢ #CREW - @GoldLink ‚Ä¢
#DarioMovement #AcademyofVillains #Motiv #GoldLink https://t.co/CBfz‚Ä¶"
dallas,"Dallas, TX",RT @ariesjpeg: this is literally how discussing politics today feels like https://t.co/vUyGRTRiXc
miami,"Miami, FL","RT @heysandis: awww happy birthday iPhone, thanks for giving this amazing little camera because of you my nudes are amazing. #iPhoneAt10"
los angeles,Los Angeles,@LindseyGrahamSC What would you know about greatness?
seattle,Greater Seattle,"Julie Sandler leaves Madrona for a top job at Pioneer Square Labs, reports @ashannstew https://t.co/81r0LIKq1U https://t.co/3pjg98c11Q"
philadelphia,"Spring Arts, Philadelphia, PA",This beauty is smiling at us üåøüçÑüåº @laurencatwest @muralarts https://t.co/npl59TWeAy
atlanta,"Atlanta, Georgia",RT @TheRealDratch: Every time someone says the president is a child or a toddler all I can think of is I've never met a child who's this mu‚Ä¶
seattle,"Seattle, WA",RT @Fightfor15LA: Carl's Jr. slapped with $1.45 million fine for underpaying L.A. workers https://t.co/HuvXKIurQZ #FightFor15 https://t.co/‚Ä¶
houston,"Houston, TX",i feel like i'm out of mind
houston,Houston,"RT @Violet_Laci: I just have to say I have the most amazing,sweetest,supportive,attentive boyfriend in the üåé.i don't know what I did to get‚Ä¶"
los angeles,"The Suburbs, Los Angeles",RT @Wit_of_Wilde: I can resist everything except temptation.
dallas,"Dallas, TX",OMFG and I just saw one on a post I'm promoting lol fml
miami,"Miami Beach, FL","RT videogamedeals \"Logitech G300s Optical Gaming Mouse $19.99 via Amazon (Prime Eligible). https://t.co/rVKv9UoaUK https://t.co/EtCUbAaApZ\""
chicago,"Chicago, IL",Do I Need to Incorporate My New Venture? https://t.co/Z3KPdwhG0g #sba #hustle #womeninbiz #passiveincome
seattle,Seattle,&lt;&gt;  https://t.co/8LkWYT2e5p
detroit,"Detroit, MI",Are you a couch? Because you're sofaking annoying üòíüòíüòíüòí
los angeles,"Los Angeles, CA",RT @mhmtnrydmr: Fenerbah√ße'nin futbolcularƒ±na √∂deyeceƒüi √ºcretler neden konu≈üulmuyor? Neden medya sadece Galatasaray'a saldƒ±rƒ±yor? #Satƒ±lmƒ±≈ü‚Ä¶
detroit,"Detroit, MI","\"It's a post office\" #FoursquareFind @ US Post Office https://t.co/zvrhGsgN8P"
los angeles,Los Angeles,RT @TopherSpiro: 20: The only barrier standing in the way of fixing insurance markets is the partisan rush to repeal the ACA. /end
new orleans,"New Orleans, LA",RT @SoCuteBabies: This is so cuteüòÇüòÇ https://t.co/TuqHsf1TkS
detroit,"Detroit, MI","Have a great day! 

Save 10% through 7/1 on https://t.co/Igo3sBXUNE. #tapdance #detroit #mctf2017 https://t.co/EzQBR7j6bu"
los angeles,"Los Angeles, CA",RT @TeamAlgee4Ever: @itsAlgee My favorite song from the #ListenEP. It makes me feel sooo confident! üôåüèºüôåüèºüôåüèº https://t.co/s4pdugI6d9
chicago,"Chicago, IL",RT @VisionaryPC: https://t.co/L7XZa5BCky
philadelphia,"Philadelphia, PA",@beemariegee_ @RachelPluck @heyitsfranklin2 @mashable @TechnicallyPHL ≈´ gƒôt m√™ b√∏√±≈ÑƒØƒó
chicago,"Chicago, IL",She ain't even got no damn kidsüò≠üò≠üò≠üò≠üò≠ppl believe anything! https://t.co/lCZ3dETRKa
boston,Boston,"From the beach to brunch, go in classic &amp; comfortable style. 

Shop the top: https://t.co/Me6L9v1UqY https://t.co/8r4LN0bgcY"
boston,"Boston, MA",RT @lecrae: I got the best of Jesus. He got the worst of me.
houston,"Houston, TX",RT @CivilSearchTX: Great personal branding tips from @rebeccag on the @EngCareerCoach podcast. Make sure you check it out! https://t.co/eUz‚Ä¶
dallas,Dallas,@UmeniynoraDaII Lmao yeah iight
los angeles,"Los Angeles, CA","RT @MindsConsole: The best thing in life is finding someone who knows all of your flaws, mistakes, and weaknesses and still thinks you're c‚Ä¶"
los angeles,"Los Angeles, CA",Tell me what you think of this? Olive &amp; June Nail Salon Just Solved Everyone‚Äôs Pedicure Problem‚Ä¶ https://t.co/2Q3BTzrnMu
chicago,Chicago,"Lol nobody \"owes\" you shit in this world"
houston,The United States of Houston,RT @LilTunechi: 4:44 x @S_C_ x 6/30 https://t.co/ZCyugjXFWP #TIDALXSprint https://t.co/xs9Lr4lMne
philadelphia,"Philadelphia, PA",RT @xxdbreezyxx: somebody think you got left off bad &amp; boujie. https://t.co/lhrOqvIBdu
atlanta,atlanta georgia,"I liked a @YouTube video https://t.co/GJsOutHRfo (Free) Travis Scott Feat Migos x Young Thug Type Beat - \"Atlanta\" | Trap Type Beat"
seattle,"Seattle, WA",RT @L21A6: The best exchange of non teammates in sports twitter history https://t.co/7PNRcqkW20
seattle,"Seattle, Washington",RT @_DjDskretion: This shit look Lit af.... https://t.co/5qWaeO97aZ
denver,"Denver, CO",@Mike_Seeley I saw this photo https://t.co/mPLyiRxOoH on /r/spacex and was really hoping we could get a high-res for a desktop background?
atlanta,Southside of Atlanta,RT @chancetherapper: Me and my God taking over* https://t.co/DgMiKDeZvx
atlanta,"ATLANTA, GA",RT @40oz_VAN: That respect shit goes both ways.
boston,Boston,@7News On Ashmont st...in the face
houston,"Houston, TX",RT @bankrollkashh: FaceTime Me So I Can Love You üòç https://t.co/dYxuC9YquD
miami,"Miami, FL",@beresg @BraddJaffy @Golianopoulos Ya mans is nuts lol
houston,Houston Texas,"Eat, be cool, enjoy. https://t.co/ZK0TNsvBpZ"
atlanta,"Atlanta, TX",-  https://t.co/Bhsdro4fpo
boston,"Bay Area, Boston, NYC",RT @ajay_bcv: 1/ Congrats to @JaredSchrieber and @brelig and entire team @InfoScout  A few thoughts on the @InfoScout story:‚Ä¶
dallas,Dallas,RT @karagdrpsycho: @hollygdrpsycho Capito
dallas,"Dallas, TX",RT @In_The_404: @themdsls Bring her back G she special https://t.co/6z2oJkt3xe
detroit,"Detroit, MI",RT @kendraaowens: üò≠üò≠üò≠üò≠üò≠üò≠ https://t.co/UwvwJGSeb3
houston,"Houston, TX","@GAPartners A1. Yes, it does matter. Prospective clients and others will view employees' online persona as represen‚Ä¶ https://t.co/88nBwi95Wg"
houston,"Houston, TX",RT @LilRichHomiee: For everybody dat did me wrong I want revenge
boston,"Boston, MA","Join CTP, @KPMGAdvisory, @chef and @awscloud next week for a GDPR Compliance Workshop. https://t.co/BieAzIgkYi"
houston,"Houston, TX",RT @pullgodess: this the cutest shit I've ever seen https://t.co/MsLppEHZbX
boston,"Cambridge, MA / Boston, MA",RT @MassLtGov: Great to join @MassDOT today in presenting @SafeRoutes_MA awards to officials from ~80 partner schools &amp; community‚Ä¶
miami,"Miami, Fl",RT @tribelaw: This outrage is worth replaying from time to time. Lest anyone forget who Trump really is . . . https://t.co/km6e43Oodv
detroit,"Detroit, MI",Y'all just be talking and have no clue what you're talking about smh
houston,"vabeach, the bay, now houston","It was a good walk today PT2 @ Houston, Texas https://t.co/jSGE8N0389"
los angeles,Los Angeles,RT @ORachaelO: America needs to know we'll all be here waiting to pick up where we left off once they rid themselves of this hateful diseas‚Ä¶
chicago,Chicago,@ziwe I thought that was Moe Larry and Curly.
miami,"Miami, FL","RT @chlothegod: bitch if I was making $10,000 every 27 seconds I would love it too. https://t.co/6bw7iaVJ2K"
atlanta,"Atlanta, GA","@scrowder @MsBlaireWhite You have uniquely different views and styles, but you're both stellar at what you do. üëç"
los angeles,Los Angeles,-  https://t.co/uLv3TihGru
chicago,Somwhere In Chicago,RT @DaFemaleXavier: WHEN GIRLS GET A BOYFRIEND THEY STOP TALKING TO EVERYBODY... EVEN THEY MAMAüòÇ
miami,miami.,Who you subbing? Let me @ them and start some drama. https://t.co/UfxAsmE674
dallas,Dallas tx / Huntsville tx,RT @OnBDnem: How do you accidentally pass a law https://t.co/B2MT0hIIBx
chicago,"chicago, IL",RT @_emilymchale_: When I'm happy I'm so happy but when I'm sad oh my fucking god I'm sad
philadelphia,Philadelphia,RT @Quepingabroo_: Fucking up the environment so bad the animals are starting to take matters into their own hands smh https://t.co/XxjRCdL‚Ä¶
chicago,Chicago-Downers Grove-Ker√ßov√´,RT @CauseWereGuys: Bro wtf. Lmao this shit got me in tears.  https://t.co/53En3PBOXS
houston,Houston Texas.,"- Marica vamos de fiesta el Domingo
+ Ay no, me da pereza
- Vea que es en Infinity barra libre hasta las 3:00am 
..‚Ä¶ https://t.co/8P1ZDVDxju"
los angeles,Los Angeles,RT @MEPFuller: Can you imagine what the Republican response would have been if Obama made a personal and sexist attack upon a cable news ho‚Ä¶
miami,Miami,TAKINA Sexy V Neckline Organic Cotton 3/4 Sleeves Beach Resort Cover Up Top https://t.co/bP6z24AHId
chicago,"Chicago, IL",@nneliishhh Are you coming here?!
dallas,"Dallas, TX.","OSHA Delays Deadline for Electronic Injury, Illness Reporting to December https://t.co/sqnJ3uqpwt"
miami,"Miami Beach, FL",RT @marianozadu: Somos la peor especie del mundo https://t.co/9gSaTuvHvD
new orleans,"New Orleans, LA",RT @ThaRealIzreal: Lack of communication kills Everything
chicago,"Chicago, IL","RT @LOLGOP: Congratulations, 64-year old Trump voters. Your guy want you to pay $14,000 a year so he can get a tax break, if he‚Ä¶"
miami,Italy/Rep Dominicana/Miami,https://t.co/MhS3Azc3Ak
detroit,"Detroit ‚úà D(FW) ‚úà Monroe, LA",I would be mad asf.... like girl why the hell you cover up them freckles üòç https://t.co/lbMOo4NgxW
chicago,Chicago (via Portland),This is on NBA TV FYI https://t.co/jIaRi4IP0h
seattle,Seattle,-  https://t.co/bBeESSR499
atlanta,"Atlanta, GA",GOAL @STYSAOrg Lonestar scores from a set piece. 0-1 @NASA_Tophat 04G. PLENTY of time still. #TeamGA #ROADtoTX
los angeles,"Los Angeles, CA",RT @pbyrond: @zugbug16 @THEAdamGabriel @ResidenceInn @TigerwonNYC @AyleeNielsen @MikeQuindazzi @dez_blanchfield @theRab‚Ä¶
los angeles,"Los Angeles, CA",RT @BolivarReha: Alper Mert Uƒüur Karakulluk√ßu ger√ßek iki GS lƒ±dƒ±r birde Evren Turhan kusura bakmayƒ±n 1 haftalƒ±ƒüƒ±na gazete almƒ±yoruz #Satƒ±lm‚Ä¶
chicago,"Chicago, IL",RT @cortiwms: All I want for Christmas is my 2 front teeth ‚ÄºÔ∏è‚ÄºÔ∏è Help ya boy üëèüèæ https://t.co/yRJCJROBqg
atlanta,"Atlanta, GA","RT @mauriciomtzgrz: Middle y Lean On, siempre ser√°n de mis canciones favoritas de Dj Snake"
houston,"Houston, TX","RT @ThePlaylist: Paul Thomas Anderson Takes On DP Duties With 'Phantom Thread' 
https://t.co/CkRVTGQyC7 https://t.co/173FfFMwUE"
houston,"Houston, TX",ÿßŸÉÿ®ÿ± ŸÖŸàŸÇÿπ ÿ≥ŸÉÿ≥ÿ≥ ŸÅŸä ÿßŸÑÿ¨ÿ≤ÿßÿ¶ÿ± ÿßÿ∂ÿ∫ÿ∑ ÿπŸÑŸâ ÿßŸÑÿ±ÿßÿ®ÿ∑ ÿØŸá https://t.co/R7zPotpfKc ÿßÿ™ŸÖŸÜŸá ŸÑŸÉŸÖ ŸÖÿ¥ÿßŸáÿØŸá ŸÖŸÖÿ™ÿπŸá https://t.co/9mTYVn3P0I
denver,"Denver, CO",RT @Quepingabroo_: Fucking up the environment so bad the animals are starting to take matters into their own hands smh https://t.co/XxjRCdL‚Ä¶
los angeles,"Los Angeles, CA","RT @1theK: ÎπÖÏä§ ÌïôÏó∞Ïù¥Ïùò ÏÉùÏùºÏùÑ Ï∂ïÌïòÌï©ÎãàÎã§üíï
Today is #VIXX #N's Birthday!üéâ
#HappyNDay #Congrats https://t.co/SxdyxVpk6H"
new orleans,"New Orleans, LA",@GeorgeTakei This was cruel.
houston,"Houston, TX",Houston celebrates the 4th well! https://t.co/DsPDVJR7KL
chicago,"Chicago, IL",RT @SethAbramson: (PS2) Tweet 11 concerns negotiations over the premature removal of sanctions‚Äîa policy shift worth hundreds of millions of‚Ä¶
chicago,"Chicago, IL",Grades 3-5 ELA Curriculum: Appendix 1: Teaching Practices and Protocols | EngageNY https://t.co/4kTPM9fzTB
los angeles,"Los Angeles, CA",Video: Emotional Jeff Fisher tells Rams coaching staff he‚Äôs fired #Clippers  https://t.co/bu2KAI8L85 https://t.co/8TRFA34YKG
atlanta,"Atlanta, GA","RT @violetinvelvet: it could be cos employers saw you bussing it open on pornhub, xvideos, &amp; twitter but its just a guess. I hope u fin‚Ä¶"
chicago,"Chicago, IL ‚úàÔ∏è",RT @sinfulbluu: I'm too goofy for this shit. Be in that bih flying around like Peter Pan ü§¶üèΩüò≠. https://t.co/hBEUEbiRLz
los angeles,"Los Angeles, CA","@breaks_svds818 @EddieRoyce23 Well, at 140, the new lineal was pretty much the winner of Crawford/Postol, the two top guys when they fought."
seattle,Seattle....sigh.,"RT @StephenKing: The president is a hurtful, bullying, boorish, ridiculous, undignified, childish asshat. And it hurts to say that."
chicago,"Chicago , Illinois USA",RT @IamHST: @GodKingToine Indoctrination. Now pass the potato salad please https://t.co/VF5eeVKYXE
boston,Boston Ma,"until you conquer the enemy winthin yourself, you can't deal with anyone."
los angeles,"Los Angeles, CA","RT @ThisAmerPres: #ICYMI - On our latest episode, we spoke with @peggy_grande about the years she worked for President &amp; Mrs. Reagan - http‚Ä¶"
dallas,"Dallas,tx",It's cool to attack the people of America but not Russia verbally?! You trump supporters make me throw up
houston,"Houston, TX",lmao ok
chicago,0Ô∏è‚É£7Ô∏è‚É£9Ô∏è‚É£ Chicago ‚úàÔ∏è,RT @pettyblackgirI: wow I love karma https://t.co/4FEooS5YH3
boston,Minnesota ‚úà Boston,RT @thatonebria: Make him think you leavin. Show him what life is without you. Let him suffer. Then fix that shit cause you promised‚Ä¶
philadelphia,"Philadelphia, PA",RT @sadgalamzz: Drake after finding out that Rihanna is into Arabs https://t.co/TLtP0xWBRX
new orleans,"New Orleans, LA","RT @blogdiva: üó£ AN FBI AGENT
üó£ MAY GO TO JAIL
üó£ FOR SHOOTING 
üó£ A
üó£ WHITE
üó£ SUPREMACIST 
üó£ TERRORIST 
and white folks wonder why‚Ä¶"
los angeles,Los Angeles | Nashville,"RT @ANU_NIKE22: As a pro athlete, recovery is key. The recoup cold roller is the #1 tool in my bag. How do you recover? Check‚Ä¶"
houston,"Houston, TX","RT @LindseyGrahamSC: Mr. President, your tweet was beneath the office and represents what is wrong with American politics, not the greatnes‚Ä¶"
los angeles,"Los Angeles, CA",Looking forward to more beach time!
los angeles,"Los Angeles, CA","Im gonna eat precisely one Oreo &amp; dip it exactly once &amp; then Im done

*30min later, shirtless &amp; covered in crumbs*

meh, tomorrows a new day"
atlanta,Atlanta,"Retweeted Mashable (@mashable):

Self-driving trucks, spotted in the wild https://t.co/dRgwuw8JIN https://t.co/wZoVHvevjt"
denver,"Denver, CO",Closed due to road construction in #Westminster on Sheridan Blvd NB between W 80th Ave and W 84th Ave #COtraffic https://t.co/gWR42BHdvb
los angeles,"Los Angeles, CA","RT @Dodgers: Game-tying homer? 

YAZ. üòà https://t.co/Zfxed9KCDB"
houston,"Houston, TX",RT @FreddyAmazin: just look at all the little rolls https://t.co/BzTtv8ZZYg
los angeles,"Los Angeles, CA",Canon's smallest dSLR grows a little     - CNET https://t.co/qbfH03Zn9a https://t.co/JKQRWiCFrX
atlanta,"Atlanta, GA",#NowPlaying #Tunein #Radioloyalty Trey Songz - Song Goes Off #TheGodzillaStation #WPIR 98.4Fm #Trending
atlanta,Atlanta,It's been like 12 whole minutes since we've heard anything about what went wrong on the Han Solo movie. I need my fix.
philadelphia,"Philadelphia, PA","Once Democrats realize most Americans have nothing left to lose, they'll learn how to serve , and win again."
seattle,Seattle,"Como assim Adele n√£o far√° mais turn√™? Querida, se esqueceu dos brasileiros?"
miami,"Miami Beach, FL",Corsola available until 12:29:34pm (22m 28s). https://t.co/xeCdvWEdOG
los angeles,"Los Angeles, CA","#javascript Home automation with NodeJS, React Native and Raspberry Pi! https://t.co/Hcxhy0mVwq"
atlanta,atlanta.,"@vvsjess @_JustSlim_ Hell yall basically saying the same thing, she doing it for attention she want someone to talk‚Ä¶ https://t.co/ZPJogaJBv3"
houston,"Houston, TX",RT @justiinneelopez: Bitch fuck you. https://t.co/e0LintDghM
los angeles,"Los Angeles, California",@BBC_Travel Thanks for joining #TravelSkills
philadelphia,Philadelphia,"Prieto Stands Ground, Says He Won‚Äôt Negotiate on Horizon https://t.co/KgL4xl9zOU https://t.co/yjP2YWFGpX"
los angeles,"Los Angeles, CA",RT @dennisdiclaudio: @RVAwonk @estarianne Beat and raped. https://t.co/Imro4p4Ih0 https://t.co/BB25gWEYMm
philadelphia,Philadelphia suburbs,"RT @Scavino45: 'Mattis Says @realDonaldTrump's Warning Stopped Chemical Attack'
https://t.co/1Z7asonaHk"
miami,gettin high w. bieber |  miami,"RT @iH8VABLO: \"the floor is free tuition\"
me: https://t.co/hO7Iz5ycmd"
chicago,Chicago  IL,"RT @Sainsburyfree: Mornings are fast,
Afternoons are stretchy,
Evenings are refreshing,
Nights are dreamy,
Have a refreshing afternoon! htt‚Ä¶"
atlanta,"Atlanta, GA",I swear one day this will all pay off... It has to...
chicago,chicago,"RT @Khanoisseur: Meanwhile Rex can't get his deal with Putin through, can't get any of his appointments through, has to deal with Ku‚Ä¶"
houston,"Houston, TX USA","@GAPartners Thank you, @GAPartners!"
los angeles,"Los Angeles, CA",detesto ir a un supermercado y que el de seguridad me persiga por todos lados soLO PORQUE TENGO UNA GORRA PUESTA
houston,"Houston, TX",@realDonaldTrump @Morning_Joe Grow up
los angeles,"Los Angeles, CA",‚ÄºÔ∏è‚ÄºÔ∏è‚ÄºÔ∏è‚ÄºÔ∏è‚ÄºÔ∏è‚ÄºÔ∏è‚ÄºÔ∏è‚ÄºÔ∏è‚ÄºÔ∏èNOW‚ÄºÔ∏è https://t.co/RX8bGmhPn6
los angeles,"Los Angeles, CA","RT @_wearu_: üì∑
#WINNER #ÏúÑÎÑà
#Í∞ïÏäπÏú§ #Ïù¥ÏäπÌõà #yoon #hoony https://t.co/7O0D6EXf9g"
atlanta,st. louis ‚úà alabama ‚úà atlanta,RT @unguardabledre: People dislike me for whatever reason when I just be chillin ü§∑üèæ‚Äç‚ôÇÔ∏è
houston,Houston,"RT @M0un1er: Simple, clean and streamlined aesthetic; look for natural elements merging with the indoors for a modern look!‚Ä¶"
new orleans,"New Orleans, LA","RT @defoe79: OCEAN PINK TIE DIE SLEEVLESS DRESS
üîÜavailable at https://t.co/lyoXKKQ8NP
üëâuse code FOE for 10% offüëà https://t.co/h6gVZk00s2"
houston,"Houston, TX","RT @StephenKing: The president is a hurtful, bullying, boorish, ridiculous, undignified, childish asshat. And it hurts to say that."
miami,"Miami, FL",RT @snapnutt: No other place I rather be! #SweetHomeAlabama #RollTide
los angeles,"Los Angeles, CA","Do what you love, love what you do üì∏ jamietinydancer 
 #work #missnscene #a7s #glidecam #tres‚Ä¶ https://t.co/tKakdfmEJ6"
atlanta,Atlanta,-  https://t.co/Ho284BeIxb
houston,"Houston, TX",RT @VancityReynolds: I can go from researching a cramp on WebMD to coffin shopping in under 90 seconds.
los angeles,"Los Angeles, CA",@naveja10 No como Alex Pelayo que tuvo que retirarse cuando descubr√≠ que era uno de los Admin de chabelotl
houston,"Houston, TX",RT @mattvargas17: whoever is doing brujeria on me... estopet you sanababish
boston,Boston,&lt;&gt;  https://t.co/DdbGjyPLGP
miami,"Miami, FL",RT @mxkeupmami: I'm latina. WE HAVE TO üòÇ https://t.co/bsDgXxDZkb
chicago,"Chicago, IL",RT @sadinfIuence: @ MY BOO THAT DONT KNOW THEY MY BOO https://t.co/IVacuqSkcs
los angeles,ramstein || Êù±‰∫¨ || los angeles,RT @Younghuevona: bitch you rich of course you do https://t.co/sPePhivOyl
denver,"denver, CO",RT @BraddJaffy: American Academy of Pediatrics: ‚Äúdeeply alarmed‚Äù by his decision ‚Ä¶ ‚Äúthe risk to infant and children‚Äôs health and de‚Ä¶
houston,"Houston, TX",RT @ogbrii__: mood and i'm not even there yet. https://t.co/CpcEFU8c0U
seattle,Seattle,"RT @JamilSmith: He is a raving misogynist, that we knew. But I've never heard a public figure speak so often about women bleeding. https://‚Ä¶"
houston,"Houston, Texas",@strobist @Focustheframe *imitation* gold.
chicago,"Chicago, Illinois, USA",@mainfriday Ifb
los angeles,"Los Angeles, CA",RT @schley: Want to test out a few .png art files from #Schleyscapes? Get em here - https://t.co/6RGD7hvfk9 More info -‚Ä¶
atlanta,"Atlanta, GA",Girlfrans! Ep. 19 Mo Moneyüí∞ dropped yesterday. Link in bio #issaword ‚Ä¢ if ya good on this Thursday write us a revie‚Ä¶ https://t.co/ciPOg3SgCS
chicago,"Chicago, IL",@LyriqIzQueen Lol
atlanta,"Atlanta, Ga","boominati metroboomin üôèüèΩüíØüî• check me slim üöÄ #Boominati #MajorBagAlert #MetroBoomin @ Atlanta,‚Ä¶ https://t.co/KQCCI1dquJ"
los angeles,"Los Angeles, CA",RT @Erika_Costell: SO SORRY the vlog is late!!! but it's coming ‚ò∫Ô∏è
seattle,"Seattle, WA","@J0e7J @PrisonPlanet and \"fair\" is whatever u guys decide right? lol what percentage should millionaires pay?"
houston,Houston,@gregkoch1 Good one!
houston,"Houston, TX","\"you're not even scary\" üòÇüòÇ https://t.co/iIjMYTBLVL"
houston,houston/huntsville,@mrey717 Tambi√©n üòâ
miami,"Miami, FL","RT @blaseblaze: Sexy Bodycon Dresses (Sale)

RT    - Left  üçπ
LIKE - Rightüç∏

Use Code ‚Ä¢TEA‚Ä¢ for 10% off
Shop https://t.co/1n8W2KR6Km https:/‚Ä¶"
philadelphia,"Philadelphia, PA",@eebeniro @driponabih x @ranshawgme https://t.co/Sn41y2uciY
miami,"Miami, FL","Hey Online Shoppers, GST Could Be Bad News For Your Retail Therapy https://t.co/QWuweSqqQp"
dallas,"Houston,Tx  ‚úàÔ∏è Dallas,Tx","RT @BleacherReport: Floyd Mayweather putting in work this morning.

(via @FloydMayweather) https://t.co/krHhSPyjUl"
dallas,Dallas,@rafaeltorresNBA LOLOLOLOL!!!!!! IKR. ü§£ü§£üèÄüòâüëå
atlanta,"Atlanta, GA",RT @ShoePalace: The 2Pac|Shoe Palace Collection is available!!! https://t.co/Le7Rl0i5YW https://t.co/v9vsO2hIuO
dallas,"Dallas, Texas",Giving away tickets to see #SpidermanHomecoming next Friday with United Black Ellument (U-BE) &amp; DFWFuse during... https://t.co/OTMtmGnY64
denver,"Denver, CO",RT @SoulHarmonyInc: Do not take life too seriously. You will never get out of it alive....
los angeles,"Los Angeles, CA",RT @cvnuckboy: czy wy widzicie i s≈Çyszycie jak on siƒô wczu≈Ç w hold tight bo≈ºe :)) &gt;&gt;&gt; https://t.co/YZme4GRPKK
atlanta,"Atlanta, GA",Lohalo! https://t.co/RMKePUCcoI
denver,"Denver, CO","#IStandWithImmigrants, join me in pledging to give back in our community this Immigrant Heritage Month June 2017 https://t.co/LDS8q5ft8U"
atlanta,Atlanta. Cincinnati.,RT @GtownLawPovCntr: Join @erinaharper @DrEarlTurner @GtownLawPovCntr @FGossGraves @tncgonzalez @JoanneNSmith today to discuss the adutl‚Ä¶
new orleans,New Orleans,"RT @truesalo: 2007: –ª–æ–∂–∏—à—å—Å—è —Å–ø–∞—Ç—å –±—É—Ö–æ–π, –Ω–∞—á–∞–ª–∏—Å—å –≤–µ—Ä—Ç–æ–ª—ë—Ç—ã(
2017: –ª–æ–∂–∏—à—å—Å—è —Å–ø–∞—Ç—å –±—É—Ö–æ–π, –Ω–∞—á–∞–ª–∏—Å—å —Ñ–∏–¥–∂–µ—Ç —Å–ø–∏–Ω–Ω–µ—Ä—ã("
houston,houston,RT @ItsCharmNOTGame: Seeing Pat Bev walk to the other side of the court when we play LA https://t.co/ZIqaTLE8BV
dallas,Dallas TX USA,RT @Emotional_Oasis: Comfort Grip Handmade Ebony and Corian Pen https://t.co/xtSoTsfS4j #jetteam #Jetteam https://t.co/gM9J49zJjn
detroit,Detroit,-  https://t.co/EYarEBa09i
dallas,"Dallas, TX & Toronto, Canada","Download our free APP to listen now to @_sgennaro - TFC Talk TFC 2-0 New England 
or click here
https://t.co/5TelE4pPUV"
houston,"Houston, TX",RT @VintageJay22: I ain't readin it but it looks lovely https://t.co/jurSG3rD4t
atlanta,"Atlanta, GA","I am seeing positive results from the healthy choices I make every day.
#bestlife #WellnessWednesday‚Ä¶ https://t.co/eqWqmOOm52"
houston,Houston,RT @RealSZA: im in love with eye contact that shit makes me nervous but i love it
houston,"Houston, TX","RT @ApocalypseAfc: @BleacherReport \"Hey KD, there's a super team being assembled downstairs\"

Kevin Durant:  https://t.co/DGJ7j4dyu3"
dallas,Dallas,"RT @ktgonkt: Me if someone raise their voice at my mama in public 

 https://t.co/GaoW3zASc0"
new orleans,im from New Orleans nigga !,RT @trilllmajor5: @Pass_theMike  https://t.co/8uGGIRQk6e
detroit,"Detroit, MI",RT @_noluckduck: üò≠üò≠ bootytoe mouth niggas https://t.co/LY1J5BAcE6
denver,"Denver, NC",-  https://t.co/BXfyzQdkhi
denver,Denver,-  https://t.co/HroV6cAdlU
chicago,Chicago,RT @FirstGentleman: *Nods* https://t.co/GdUzTT56On
los angeles,Los Angeles/Las Vegas/Arizona,@originalgoldenn follow back
new orleans,New Orleans‚öú,RT @randaija_: never on no catch back shit. karma gon handle that for me lol
atlanta,Atlanta,-  https://t.co/xBKQCrsDAn
los angeles,"Los Angeles, California",@fragglesrocks NOT THE MAMA
miami,"Miami, FL üå¥",RT @ShayyTorres_: Niggas be promising their new Bitch the same world they still owe their ex üòÇü§∑üèΩ‚Äç‚ôÄÔ∏è
los angeles,"Los Angeles, USA",We cannot be in denial about the abundance in our life!
houston,"Houston, Tx",@jous93 Horrible!! Jajaja just watch üòÇ
los angeles,"Los Angeles, CA",165. @BayAreaLimoInc Learn Japanese with Anna. Let's install at https://t.co/SfiWXlGwqW
los angeles,Los Angeles and San Francisco,@chandlerbun It's insane and ridiculous. I'm trying to find a new place near Santa Monica and it's killing my wallet.
dallas,"Dallas, TX",My moms name is consepc√≠on but was nicknamed conchita cuz it's easier to say than a Spanish catholic name. Conchita‚Ä¶ https://t.co/rWfk0JB8h7
seattle,slfl spokane | rowyso seattle,RT @oduckyoung: https://t.co/Bqr143C1Zl
atlanta,"Atlanta, GA","@davidpstein @GuyEmersonMount @maestrocanada From \"Black Republicans\" to \"Red Republicans\" - a lot of radicalism ri‚Ä¶ https://t.co/eEcKEMdiIa"
boston,"Boston, MA",@jonathanvswan @jbarro I'm still basking in the Infrastructure Week after glow.
los angeles,"Hollywood, Los Angeles",RT @ReaganGomez: ...to do. That's what White Supremacy is. It even affects BP/POC. Has us doubting ourselves. Obvs we aren't good enuf/work‚Ä¶
atlanta,Atlanta GA,@frontlinepbs @Reuters Until they attack again &amp; your Sunni officers leave &amp; run.
atlanta,Atlanta,-  https://t.co/0Ap6Hld4tQ
new orleans,"New Orleans, LA","Easy to make and eat, grilled @PerdueChicken arugula salad wraps are tasty and fresh. #Promotion #PerdueCrew -‚Ä¶ https://t.co/GuRZyIq31e"
philadelphia,"Philadelphia, PA","Although your feelings are running deep, you grow more lighthe... More for Pisces https://t.co/TNXlOnJWtp"
atlanta,Atlanta,RT @LisLeary: how I feel my hands look when I have my nails done V how I feel they look when I don't https://t.co/DSWZbHxmMd
miami,"Miami Beach, FL",Are You Making These Sleep Mistakes? https://t.co/pHd6Umg5XS
atlanta,Atlanta,RT @KendalllShepher: @lyboneerMe It‚Äôs not called self hate‚Ä¶ it‚Äôs called supporting EQUALITY
miami,"40's,Miami ‚öìÔ∏è",When they think they're finessing you but you just playing along https://t.co/67A8FqlWZq
chicago,CHICAGO/TULSA,RT @IvanPosts: unbothered 25/8
miami,"Miami Beach, FL",RT @ohhcami_: myself. https://t.co/30NUJSRIaN
philadelphia,"Philadelphia, PA",RT @ExpoLogic: The @ExpoLogic team is ready to print your badges! Come on by! #badgeondemand #SMDayPHL https://t.co/L4bWVNKJMx
atlanta,"Atlanta, GA",RT @AyeshaHelps: Your bank account can look like this too‚ÄºÔ∏è Just hit me up now and I'll walk you through the process ü§ó‚úÖ No money nee‚Ä¶
denver,"Denver, CO USA",RT @JpopAsia: [#JROCK] Golden Bomber („Ç¥„Éº„É´„Éá„É≥„Éú„É≥„Éê„Éº) Surprises Fans with 8-Second-Concert https://t.co/eAJ1uSsXm5 https://t.co/wNsiVGNXnS
chicago,Chicago,"RT @ohhcami_: Yes because when you choose to forgive, they don't. https://t.co/mQyeR2oPzK"
los angeles,"Los Angeles, Ca",RT @RealSZA: i'm stepping over shit I used to trip over
chicago,Chicago‚òæ,RT @MaoGreens: Tammy Rivera Twerks Big Ebony Booty for Waka Flocka Flame: https://t.co/jRNvXoEpgi via @YouTube
miami,Miami,SORAY Organic Cotton 3/4 Sleeves Embroidered lace Ibicenco Tunic Top | eBay https://t.co/J3ez8Oqpq4
dallas,"Dallas, TX","The older I got the more I realized that a person, who is not of African American decent, shouldn't be saying \"n*gga\". It's just not cool."
seattle,"Seattle, WA",RT @AlaniStrang: good morning! go tell your mother how much you love her drink some water and get this beautiful day started y'all !
houston,"Houston, Texas",RT @alert5: Taiwan commissions its first AH-64E squadron - https://t.co/D29w7yL72J https://t.co/QSZDOTDTkM
miami,London/Miami,RT @homestylemaguk: #FreebieFriday #win luxury bedding worth over ¬£140! You must RT &amp; follow @homestylemaguk &amp; @HomescapesUK to enter -‚Ä¶
new orleans,"New Orleans, LA",RT @theoneprinceton: I feel old ... https://t.co/uEYmCKoo17
houston,Houston Tx.,"RT @_BadBunnyPR: En la vida todo llega, todo pasa y todo cambia."
dallas,"Dallas, TX",RT @GabbyCutiee: 'S3x Lies Every Grown-Up Girl Should Be Aware Of! #5 Is So Important https://t.co/t07tg68AEz
houston,houston,RT @3asymoneycam: Move in silence ü§ê
los angeles,Los Angeles - I Luv LA!,"\"The joy is in the journey and you don‚Äôt have to be perfect.‚Äù"
miami,"Miami Beach, FL",RT @iunsuicidamas: el colegio ya me tiene cansado
los angeles,"Los Angeles, USA",Wiggle wiggle https://t.co/E6ukUFkuC8
chicago,"Chicago, IL",@zaynmal1k Yas you are sweetheart!
atlanta,atlanta,RT @aretheyIoyals: I still love this vine https://t.co/vePP7z8P8c
seattle,"Seattle, WA","My boss and the sr. analyst on my immediate team have the whole week off, I have time off then there's one lady working the rest of the week"
los angeles,"Los Angeles, CA",#Recipe: Mouth Watering Apple Cinnamon PROTEIN Cobbler https://t.co/6cgW9rIqLe #questbar
chicago,"Chicago, IL",i honestly don‚Äôt give a fuck. ü§∑üèª‚Äç‚ôÇÔ∏è
dallas,Dallas,-  https://t.co/XkAagpdQ0E
detroit,detroit mƒ±. USA,https://t.co/XNmJevZDQb
chicago,"Chicago, IL",Non https://t.co/BbVYVha0SF
chicago,"Chicago, IL",RT @CVivlamoreAJC: Indications are Mike Dunleavy Jr. will be waived and the guard will be a free agent this summer. Contract guarantees on‚Ä¶
los angeles,"Los Angeles, CA",https://t.co/79QeQaH8Gv
miami,ÏÇ¨ÎûëÌïòÎäî Ïö∞ÎØ∏Ï®© Í≥ÅÏóêÏÑú...@Umi_Miami_,"\"Ìò∏ÎÖ∏Ïπ¥Ï®©Í≥º Ïö∞ÎØ∏Ï®©ÏùÄ Ïñ¥Î†∏ÏùÑ ÎïåÎ∂ÄÌÑ∞ Ìï®ÍªòÌï¥Ïò® ÏΩîÌÜ†Î¶¨Ïùò ÏÜåÍøâÏπúÍµ¨ÏóêÏöî~\""
philadelphia,"Philadelphia, PA",Bias loser: Chuck Todd https://t.co/m9lVAEQsDw
new orleans,New Orleans.,Yeahhh Tune https://t.co/e60CfUZrFI
miami,"Miami, FL",RT @L21A6: The best exchange of non teammates in sports twitter history https://t.co/7PNRcqkW20
new orleans,New Orleans to Da Paign to SF,RT @ItsJahron: Girl why don't you lemme come thru. https://t.co/ja2VTuct13
dallas,"Dallas, TX",&gt;&lt;?? *-) https://t.co/5SuZovTHxe
seattle,"Seattle, WA",RT @LeVostreGC: Love for a booke ys nevir unrequited.
chicago,Chicago,-  https://t.co/NX2FWU3rYR
houston,"Houston, TX",woohoo!! ‚òÅÔ∏è https://t.co/DJzeyHItY2
miami,Miami Gardens,-  https://t.co/eTsZtdy4M9
houston,"HOUSTON, TX","Metaphorically, that means I have to put myself out there and take more chances!  #God values #courage and #faithfulness!#TakeChancesHEC ü§î‚ù§Ô∏è"
los angeles,"Los Angeles, CA",@richardjustice I love you.
houston,"Houston, TX",RT @Fanyxo_: üíÅüèªüíÅüèª https://t.co/Y0y6uMvJ1l
dallas,"Oak Cliff, Dallas",RT @TheBloodShow: Why is all these MUSIC Blogs turning into the Feds ?? Take dis down bro u trippin https://t.co/iWecPUZjyf
seattle,"Seattle, WA",Three pop health success stories point to different ways forward for #valuebasedcare https://t.co/rDsxJhdILv via @HealthITNews
dallas,Buffalo raised‚Ä¢Dallas adapting,@tedlieu @realDonaldTrump Hey @FLOTUS what is that cyber bullying campaign of yours abt? How's it going?Maybe ppl i‚Ä¶ https://t.co/L1cD87nBv5
boston,Connecticut/Boston,‚ùóÔ∏è‚ùóÔ∏è https://t.co/o2eFTFOY6y
houston,"Houston, TX #LeanCity",These delivery drivers not delivering food in normal delivery guy cars. They in Audi's and shit.
dallas,"dallas, tx",RT @bigshitxtalker: If I see anybody out with these stupid ass t-shirts I'm flaming you on sight. https://t.co/EGtAtz3s8L
houston,"Houston, TX",Abt 6 random people asked what my ethnicity is today what is goin on
los angeles,"Los Angeles, CA",RT @SintoniaVerso: https://t.co/XiBYMz8N00
detroit,Detroit,RT @LiamBarrak1999: https://t.co/vsZsfP0MAi
dallas,"Dallas, TX",when I'm gone who's gonna carry my casket
chicago,"Chicago, IL",EU Hits Google With Record $2.7 Billion Antitrust Fine https://t.co/w3GkqE2RLC https://t.co/ZvuewmNp0f
new orleans,"New Orleans, LA",RT @MichaelAWoodJr: The character of Jesus was that of a radical leftist. https://t.co/Hut6FRaBbs
houston,"Houston, TX",RT @somecrazyness: the US has a long way to go https://t.co/UNmDDlwfql
dallas,"Dallas, TX","WANT TO READ COMMON FANTASY?
Go to https://t.co/sQYB2Dqq8W  NOW! 
Updates every Tuesday/Thursday!
#comicUpdate‚Ä¶ https://t.co/sqWys3OFuE"
houston,"Houston, TX","RT @POTUS: \"Attorney General Sessions: Congress must pass #KatesLaw and make America Safer\"
https://t.co/Q8Yk0mXFtJ"
denver,"Denver, CO","RT @ColoradoDOT: Crash,I-25 SB @ University Blvd;(MM 205) left lanes blocked"
chicago,Chicago,RT @barstoolsports: BOOM. ROASTED. https://t.co/UP2TK5NHXC
dallas,"Dallas, TX",RT @GOPPollAnalyst: @realDonaldTrump @nytimes @washingtonpost @CNN @Acosta Here's President Trump working CNNs @Acosta over like a boss‚Ä¶
los angeles,"Los Angeles, CA",RT @latinasregui: Voy a superar este momento m√°s o menos nunca  https://t.co/6Ks902JeZs
seattle,seattle,RT @Bolshethicc: https://t.co/k2zSM6Yvcr
denver,"Denver, Colorado","Does Your Cyber Security Consultant Have the Right Expertise? | Smeester &amp; Associates :: Denver, Colorado USA https://t.co/k7TGqo23lc"
chicago,"Chicago, IL","RT @ThomasSanders: Phone woke me up, &amp; REALLY upset. Literally was dreaming I was having an old-school lunch my mom made me and House of Mo‚Ä¶"
houston,Houston,"RT @neferteri__: Im a \"imma get my own\" type of person üíØ"
boston,"Boston, MA",RT @AdamMKaufman: To clarify: That's to suggest #Jazz would have to pay big to keep Hill &amp; Ingles. Their salaries not relevant to GH.https:‚Ä¶
philadelphia,"Philadelphia, PA",Bank won't let you open an account if your neighbo... https://t.co/DREEXlRHXF
houston,"Houston, TX",RT @VintageJay22: I ain't readin it but it looks lovely https://t.co/jurSG3rD4t
los angeles,"Los Angeles, CA",https://t.co/0RJoC0qeSy
miami,"North Miami Beach, FL","RT @ItsNickb_: rt this shit, @Pokemon_Litten https://t.co/7MoPfticoF"
dallas,Dallas Tx  Portland Or,"RT @ferreescotta: Because some Presidents don't have to fake their Time covers. \"Trump's Obama Obsession\" https://t.co/tL9CyzBJzi"
denver,"Denver, CO",-  https://t.co/PVFPKo2Ub9
new orleans,"New Orleans, LA",RT @nick_colletti: boobs
denver,"Denver, CO",Props to the ADAPT activists putting pressure on @CoryGardner to speak with the people who he represents! #NoAHCA https://t.co/bbTLOoDrWz
seattle,"Seattle, WA",RT @MikeBloomberg: We don‚Äôt need Washington to meet the Paris climate goals. Climate of Hope explains why. https://t.co/NkQBwXDacy
chicago,"Chicago, IL",12 treat a nigga like he 12.
houston,"Houston, TX",Read https://t.co/VZqVvSaHe8
atlanta,"Atlanta, GA",RT @COCONUTOILBAE: i can't believe it's 2017 and people are drinking milk from cows titties like it's natural and healthy?? https://t.co/Bd‚Ä¶
los angeles,"Sherman Oaks, Los Angeles",RT @Sia: The new #MyLittlePonyMovie trailer is here! Songbird Serenade joins the adventure on October 6 üíï https://t.co/S4ZUZ92alz - Team Sia
chicago,"Chicago, IL","@lxkevans @xchicagoc Espera qu√©

¬øTengo que dormir con esa a mi lado???!!"
atlanta,"Atlanta, GA",@JayZee_Moet Nice
boston,"Boston, MA",RT @MurrayPozmanter: .@The_DTCC's goal is to be able to strengthen both the safety &amp; efficiency of the tri-party #repo marketplace:‚Ä¶
seattle,"Seattle, WA","RT @harinef: #heterosexualprideday? what y'all got to be proud about? dodge caravans? \"the notebook?\""
philadelphia,"Philadelphia, PA",RT @TheRoot: Criminal charges dropped against former Texas State Trooper who arrested Sandra Bland two years go.‚Ä¶
seattle,"Seattle, WA",I'd rather be at the beach https://t.co/of7uG4YTSJ
dallas,"Dallas, TX","RT @scaia: Judge will not revoke bond, says Couch has not used common sense, but she's passed every drug test."
boston,Boston,The ‚ÄúLove Test‚Äù: 3 Ways to Know If He‚Äôs ‚ÄúThe One‚Äù | Adam LoDolce: https://t.co/1AfRcCvHeJ via @YouTube
houston,"Houston, TX","RT @jasonrmcintyre: Pretty awesome time in Houston: 
- Chris Paul + James Harden
- JJ Watt
- Texans draft DeShaun Watson
- Astros best reco‚Ä¶"
houston,"Houston, TX, USA",RT @FunnyBrawls: She was about that action. She just had to put her hair up first https://t.co/AwxkmB3Dod
miami,"Miami, Florida","RT @jahbatm__: @brittxb_ Tomorrow is June 30th.

Become A Threat.

You don't have a choice. https://t.co/1bAxVVdKsL"
houston,"Houston, TX",RT @BNDarticles: @GAPartners A2. Everyone is on social media these days &amp; they love when brands interact with them. Follow/engage to‚Ä¶
atlanta,"Atlanta, GA",@RedBeKnowing How? How do you move past them?
los angeles,"Hollywood , Los Angeles","In life, all good things come hard, but #wisdom is the hardest to come by. #LucilleBall @googleexpertuk #quotes https://t.co/XZK4Zxi1Hk"
seattle,wcu | nyc | seattle | oslo,@ohthatsjuliette ohh je pleure t vrmt trop mimi jtmm‚ù§Ô∏è
detroit,"Detroit, MI","RT @FrancininMaraj: drink water 
eat good 
have nasty sex
mind ya business"
atlanta,"Atlanta, GA",RT @fatalitiess: *squints at avi* a fuck who? https://t.co/DBxF573oyN
chicago,Portage\Chicago,@Hilary_rose13 I'm so down!! üòÑ
chicago,"Chicago, IL",RT @Iovingirls: #HeterosexualPrideDay please read this https://t.co/VVMtSaauqt
atlanta,"Atlanta, GA",This the same guy I helped with the Harley v Aquaman MU lol https://t.co/0yta15VAZb
houston,"Houston, Texas United States",RT @Dakota1407: https://t.co/sn7vhuwWtn
chicago,"Chicago, IL",So what is the connection b/w job satisfaction and personal happiness? Read this... #avidchat #careeradvice https://t.co/4eaLrTVAYM
boston,Houston - Boston - Chicago,RT @sswerdlow: This is so fucked up https://t.co/9vebMeXMMp
los angeles,"Los Angeles, CA",RT @picscomida: AF QUE DELICIA MANO https://t.co/jJ14TUzJEq
miami,North Miami,RT @lilmama0519: Nikaaü§¶üèΩ‚Äç‚ôÄÔ∏èüòÇ https://t.co/2hfka6ZGwS
new orleans,"New Orleans, LA","@knightofgood Is this the Rule 56(e) you reference:  https://t.co/znhONWvyf7?  If so, it's not applicable to‚Ä¶ https://t.co/EBKlBxzIOp"
miami,"Miami, FL",RT @bazmingonzalez: Lemme show u a good time üí´ https://t.co/ei5dzoQv68
los angeles,Somewhere north of Los Angeles,RT @johnlegend: America elected a very shitty person to be President
boston,Roxbury Boston,Staples Is Being Bought for $6.9 Billion | https://t.co/ziO6kFqlbm #SmartNews  https://t.co/W11OgBPPrw
los angeles,Los Angeles Ca,RT @johnlegend: America elected a very shitty person to be President
houston,"Houston, TX",not enough men were raised to hold the doors for women.
denver,Denver,-  https://t.co/z91g05iGyT
miami,"Miami, USA",RT @usaBritish: Are you a UK #alumna living in the US? Join our #StudyUK alumni network to connect with fellow alums!‚Ä¶
los angeles,los angeles,thanks!!!! https://t.co/1DrCjAdwjf
houston,"Houston, TX",RT @TheShadeRoom: Floyd Mayweather is out here putting in work! Connor McGregor üëÄ https://t.co/TlfvuQwoJJ
chicago,"Chicago, IL --- Fall River, MA","RT @InternetHippo: Daily ritual:
-wake up
-see who the president is feuding with today
-call senators, ask them not to take away health care"
los angeles,"Boyle Heights, Los Angeles","RT @MarkKornblau: Never imagined a day when I would think to myself, \"it is beneath my dignity to respond to the President of the United St‚Ä¶"
miami,"Miami, FL","JAY-Z &amp; Jesse Williams Team Up For Upcoming Music Video

https://t.co/urrX4C8VJt"
miami,Venezuela Latinoam√©rica Miami,"Si tienes tendencia a comer entre comidas, opta por tomar una pieza de fruta o un t√©  https://t.co/1xjpe9LQiG"
dallas,"Atlanta, Austin, Dallas.","RT @socvmm: Listen to Plug Callin by Lil Sef, Sef #np on #SoundCloud https://t.co/GHnoGlrRnp"
chicago,Chicago,Hell Naw! https://t.co/w7qPA2XeBy
chicago,Chicago,$STAF on radar
seattle,Seattle,-  https://t.co/7SmDWlkqiu
seattle,"Seattle, WA",RT @archivesjk: When I tell you I gasped https://t.co/kphEahnRE9
los angeles,South (Central) Los Angeles,@Seven7s It's on Smell my finger.
los angeles,"Los Angeles, CA",@Yoroomie Is the marketing position for studiotime still available?
atlanta,"Atlanta, GA","#YoungNudyAtMansion TUESDAY JULY 4th 18+

EVERYBODY FREE ALL NITE

FIRE BREATHERS 
FIRE WORKS

Doors open @ 9pm

https://t.co/3YZafYbFpI X6"
chicago,"Chicago, IL","@DJRipEm get in me, DJ üò© thank you!"
houston,"Houston,Texas",RT @TRISTANTHOO: read! this! thread! NOW! https://t.co/qUzUSjyoVz
dallas,"Dallas, TX",I live for @Zendaya looks on the red carpetüòçüòçüòç https://t.co/e2s9J2Ke4y
detroit,"Detroit, MI",RT @ChampagneNavi: When you holding your moms spot in line at the grocery store and she still ain't came back yet https://t.co/nNsC1tWsbe
los angeles,los angeles california,https://t.co/5si2G9wfgt
los angeles,"Los Angeles, CA",Eu s√≥ queria ter 500 mil reais na minha conta
houston,"Houston, TX",RT @GoIfMedia: NUTS + BOLTS AUGUST 3RD https://t.co/mUOkTyKEod
los angeles,Los Angeles,-  https://t.co/IGuYfIjrfi
miami,miami,Watch the moment Jeff Fisher told his Rams staff he had been¬†fired https://t.co/wIMUJpcW8G
los angeles,"Los Angeles, CA","RT @ianbarr: Baby Driver, but he listens to comedy podcasts"
chicago,"Chicago, IL",Pmw is all a nigga need. Feel like I'm addicted to all 3
atlanta,Atlanta               UWG '18,"RT @DammmnCam: If a nigga gets dunked on while you getting a line up, it's a wrap for your hairline. https://t.co/wvHKcVj37z"
seattle,Seattle,@conorsen The wine is still flowing https://t.co/hAoHNNNq9y
chicago,"NYC via Chicago, SF, & AZ","@washingtonpost whether @seanspicer or @SHSanders45 are on or off camera, &amp; acres more. PLUS, if u write \"he's ment‚Ä¶ https://t.co/g8exOPUlPJ"
miami,"Carol City, Miami Gardens, FL 33056, USA",RT @Jonatha51985564: #makeyourownlane People that reach success are the often the ones that look for favorable conditions. If they cant fin‚Ä¶
los angeles,"Los Angeles, CA","HAVING A 24 HOUR TRENDY (BEAUTY SALE) üò≥üòç

EVERYTHING IS $0.00 AND YOU JUST PAY SHIPPING! [ 45  MINS REMAINING]‚Ä¶ https://t.co/6tDYYm9znq"
los angeles,"Los Angeles, CA","@kl1410_ @PatchHolt Nope, you're totally right."
houston,"Houston, TX",RT @vibeswithbabe: When your feet hurts so he gotta carry you üòå https://t.co/jwUxhDRyxG
new orleans,"New Orleans, Louisiana","Today's coveyrisefarms board is grilled squash, roasted corn, beets, fried pickles okra and a‚Ä¶ https://t.co/tT87CTSaYa"
boston,"Boston, MA","RT @jonfavs: If you think Trump's tweet was bad, just wait until you hear White House staff, conservative media, and some Republicans defen‚Ä¶"
atlanta,Atlanta,-  https://t.co/QFgem4G7I1
los angeles,"Los Angeles, CA",Isn't Melanoma's platform ANTI CYBER BULLYING? https://t.co/8sUjtMv9uk
detroit,"Detroit, MI",RT @_niyyy: I wish GOD would just come and sit on my bed and tell me what to do next .
los angeles,"Los Angeles, CA","Profile of an American road trip: Where we go, what we eat, what we¬†spend https://t.co/G0Or9cZtDM"
boston,"boston, ma",@nCuse6889 https://t.co/54zS3FCdvQ
houston,"Houston, TX",RT @imartinezp_: Good night guys
boston,"Boston, England",@SpursOfficial #SpursITK
miami,"Miami Beach, FL",RT @sbarwe11: MATRIX Voice - good open-source playground for #voice eh #noise recognition #alexa #iot #RaspberryPi‚Ä¶
detroit,Miles....away from Detroit,RT @WuTangBih: This what I say too https://t.co/tjrT6sHsCi
denver,"Denver, CO",BONG BONG BONG BONG BONG BONG BONG BONG BONG hehehe BONG
seattle,"Seattle, WA & Puerto Rico",We Ignore Individuality in Workplace Change. That's Our First Mistake https://t.co/5L18fpy2AT via @MeghanMBiro
seattle,"Seattle, WA","RT @SenGillibrand: Since our President clearly has a problem with women, let's send more to Congress. Women of America, you need to run! RT‚Ä¶"
atlanta,"Atlanta, GA","#YoungNudyAtMansion TUESDAY JULY 4th 18+

EVERYBODY FREE ALL NITE

FIRE BREATHERS 
FIRE WORKS

Doors open @ 9pm

https://t.co/4K6yu0Z9KC X16"
houston,"Houston, TX",RT @KateH74: @benshapiro That's actually an unexpected side benefit. The deliciousness is enough. Cherrywood smoked bacon. Yum!
boston,Boston,"@remingtonoog @AT09_Trader you're making too much sense, i'd be careful..."
miami,miami,-  https://t.co/dbhYI2gRyt
atlanta,"Atlanta,Ga","Upcoming R&amp;B singer Terrance B is dropping new Hot Singleüî•üî•üî• \"Dressed2kill\". Available on iTunes‚Ä¶ https://t.co/BcUAOCKMbb"
chicago,"Outside of Chicago, IL","RT @Evan_McMullin: It must be said: if you're a Republican leader and you're still supporting President Trump, you own this."
new orleans,New Orleans,"RT @bzbadger: @justinhendrix @MollyJongFast @lyssophobic @EricWelchWCS @BenSasse Hey, he's still \"learning\" I guess, let Trump be‚Ä¶"
los angeles,"Los Angeles, CA",RT @starwars: Shake 'em while you got 'em. #NationalHandshakeDay https://t.co/copXosDrxJ
los angeles,"Los Angeles, California","Bermuda: Jul 6-11, 2017 ‚Äî VP9 ‚Äî QSL via: Home Call https://t.co/3G5BHJZP5M #dxnews #hamradio"
los angeles,"Los Angeles, CA","New favorite term: \"Cosplaying Muslims.\" Thanks DEADPOOL!"
los angeles,"Los Angeles, CA",It is given away by a group of girls who have known less than ub day
detroit,"Detroit, MI",RT @MichaelsDivine: DaME RT Papi Y Te Envio Mis Fotos XXX Unete a mi Grupo de Whatsapp Y Descarga Mis Videos Click Aqui:‚Ä¶
los angeles,"Los Angeles, CA","RT @Cernovich: The mainstream media declared war on half of the country. If they want civility, it's up to them to undo the great damage th‚Ä¶"
chicago,"Chicago, IL","RT @whimsik_l: I don't understand a word you're saying, but it's ok, I'm basically known for that."
atlanta,"Atlanta, GA",@eatwholly I like to tomatoes on my guac! üòãüòãüòãüòã #livewholly #guacstop804
atlanta,"Atlanta, GA",@BillyDeSanta I'm saying it's scary to me lol
boston,"Boston , MA",#MLB Wire: Report: Isiah Thomas a 'dark horse' to replace Phil Jackson as Knicks president https://t.co/SM6XVy0idG https://t.co/fguDlCphyy
new orleans,"New Orleans, LA",@heartlesslucien –í—Å–µ –∂–µ –≤ –ü–∞—Ä–∏–∂–µ –¥–µ–π—Å—Ç–≤–∏—Ç–µ–ª—å–Ω–æ –æ—á–µ–Ω—å –º–Ω–æ–≥–æ –∫—Ä–∞—Å–∏–≤—ã—Ö –º–µ—Å—Ç /—Å —É–ª—ã–±–∫–æ–π –ø–æ–≤–µ—Ä–Ω—É–ª–∞—Å—å –∫ –º—É–∂—É/
los angeles,los angeles,I'm fat for getting hungry when there's an actual fire outside
detroit,"Detroit, MI",RT @JordanNoRetro: @HeyyitsMONROE Y'all coons just love that trifling shit
denver,unceded Mauche Ute land‚ÄîDenver,"RT @MagsVisaggs: So if TERF is a slur, so goddamn be it."
houston,"Houston, TX",RT @EDC_LasVegas: Dusk till Dawn üôå #EDCLV2017 https://t.co/xVvP5s15u3
atlanta,Atlanta,RT @DLoesch: Reminder: I read hate mail (and Tweets) on air for money that I use to buy ammo. God bless capitalism.
chicago,Chicago - Oakland - Istanbul,@Hegemommy phew
chicago,Chicago,RT @Sadieisonfire: y'all sleep? lmao can't relate. my boys need me 24/7 I don't b sleep until my boys are either A. tucked in or B. prosper‚Ä¶
dallas,"Dallas, TX",RT @liveluvtx: Honor service members with #USOCarePacks! Pour on the Love with Coca-Cola‚Ñ¢ and the USO. Learn more &gt; AD https://t.co/hYY0Nf5‚Ä¶
chicago,"Chicago, IL","RT @CNBC: Amazon does indeed collect sales taxes, despite president's tweet https://t.co/cigi7Yelf5"
dallas,NY b4 LA b4 Dallas,RT @ToomeyMemes: @JohnCornyn The @POTUS understands nothing about Korea. He is liable to set off a crisis with his flagrant irrespon‚Ä¶
los angeles,"Los Angeles, CA",@julianaglezjrz @CmRicoangulo Sehhh
miami,"Miami, FL",With Grupo Promomuni from Guatemala at our Resources Recovery Facility. https://t.co/fSsvawTQKS https://t.co/0EqHBIkeuz
seattle,"Seattle, WA",RT @SeattleFire: Four Seattle Firefighters are currently in Wenatchee helping to fight the Sutherland Canyon Wildfire. #Squad40‚Ä¶
houston,"houston, tx",RT @RollinsDM_: @pxrcocets I make a better dom than he does
seattle,SeattleU '19,RT @SlimGyalDem: Clear Lip Gloss all my life tf üòÇ https://t.co/RaAMMcixoB
los angeles,"Los Angeles, CA",RT @ScottAdamsSays: I'm starting to think my hypothesis about liberals lacking the humor gene might be scientifically valid. (Same way‚Ä¶
chicago,"Chicago, IL",RT @KillianTrill: Because they're fucking coconuts https://t.co/gyr6QGZ1BL
chicago,Chicago,@SpeakerRyan can you impeach @realDonaldTrump already to preserve what little dignity the @GOP has left
los angeles,"Los Angeles, CA","RT @DannyPellegrino: GAYS: Listen to Cut to the Feeling!!

ME, WEEKS LATER: https://t.co/eKPIt3oEpr"
miami,miami,RT @lucasss_2: all i ask is you be real wit me
denver,"Denver, CO",RT @paulkrugman: It's totally plausible that Trump has no idea that the health bill is the opposite of everything he promised voters. Who w‚Ä¶
los angeles,"Los Angeles, CA",RT @MLB_Mexico: #TBT Hoy hace 27 a√±os Fernando Valenzuela lanz√≥ un juego sin hit ni carrera vistiendo la franela de @LosDodgers. https://t.‚Ä¶
miami,Miami Beach,"Es incre√≠ble lo asquerosa que me pone el invierno, necesito estar m√°s negra porque ya me pone mal verme as√≠üôèüèΩ"
los angeles,"Los Angeles, CA",@TheSIRofSMC Nigga I musta slapped that shit 20 times yesterday. Shit go
chicago,Chicago,I love this country. I'm a proud American. Watching #Trump shame this country with his ridiculous tweets is beyond torture.
denver,"Denver, CO",No. Just keep doing what works. https://t.co/IkEN7S0vss
new orleans,"New Orleans, LA",@JocelynMae_ @MADBLACKTHOT  https://t.co/JEBCrz19PK
denver,"Denver, Colorado","@RJC \"Classy\""
dallas,"Dallas, TX",RT @TStar: How you let a broke nigga break your heart ? üëÄüò≥üò¥ that nigga couldn't even break bread üò©
dallas,Dallas Texas,RT @TemplarioResisT: #29Jun Esto es en #Venezuela #Caracas por el Dictador.@NicolasMaduro.@vladimirpadrino y.@NestorReverol CRIMEN LESA‚Ä¶
dallas,"Dallas, TX",RT @SexualGif: me while everyone else has kids https://t.co/5M4u7c9U6w
houston,"Houston, TX",one person followed me // automatically checked by https://t.co/PZM1eYvSTA
chicago,"Chicago, IL",@BorgJardin @SpeakerRyan @SenateMajLdr @HouseGOP @SenateGOP @GOP With all the important things happening in the wor‚Ä¶ https://t.co/wBYyWlWViJ
boston,"Boston, MA",#Cat Games ‚Äì Playing with your feline friends - #PetTrax #CatFun https://t.co/mEz0v90pg8 https://t.co/FYgrPzDQhL
chicago,"Chicago, IL",RT @juliaoftoronto: My latest: I went to California to find out how they reduced their maternal mortality rate while America‚Äôs increases ht‚Ä¶
los angeles,"Los Angeles, California",#LosAngeles #TheBPMStation https://t.co/FQC3mIrfNx #NowPlaying Chantola - California Hippies (Johny S Remix)
dallas,Dallas,-  https://t.co/IhuPT9VaoW
los angeles,Los Angeles,@0_Marvel_0 „ÅÇ„Çä„Åå„Å®„ÅÜ
miami,"Miami, FL",RT @Esri: See what you can do with the power of mapping. Follow us to learn more. https://t.co/reeJIPC8tc
miami,"Miami, FL","RT @violetinvelvet: it could be cos employers saw you bussing it open on pornhub, xvideos, &amp; twitter but its just a guess. I hope u fin‚Ä¶"
philadelphia,"Philadelphia, PA","RT @FreddyAmazin: i always say \"i wanna make new friends\" but do i really? do i really have time to figure u out and hope you're not‚Ä¶"
philadelphia,"Philadelphia, Pennsylvania",Trump isn't a real President in the traditional sense.  He's a performer--the GOP Circus Ringmaster.  Who is truly running the government?
los angeles,Los Angeles,@Timberland ËÖøÁé©Âπ¥ https://t.co/xQtQ6pGuyv
chicago,The Greater Chicagoland Area,"@thisgirlstacr Thx, Stace! ü§óüôåüèª"
houston,abu dhabi ‚úàÔ∏è houston,@catsu @tylerthecreator what if he is just announcing it today
dallas,"Dallas, TX",I'm üíÄüíÄüíÄ https://t.co/7AOlkO5CE5
chicago,Chicago,"RT @banga_ontheset: My baby brother asked me to take his pic and send it to our cousins. Since y'all my cousins too, this is Jaaron and‚Ä¶"
atlanta,"Atlanta, GA",RT @AsToldByBrina: A visual representation of how you look holding onto an unhealthy relationship https://t.co/KYVjrbj2tk
boston,boston,RT @COCONUTOILBAE: when you're cold and distant and emotionally unavailable bc you've been hurt in the past but under tht u still have‚Ä¶
atlanta,"Atlanta, GA","Chris Pratt Is Turning Into A Bear Daddy And Frankly, I'm Shivering https://t.co/aRT9RcGvLf"
los angeles,"Los Angeles, CA",@romeoreyes78 Levantando el me√±ique con elegancia para beber el chaparro (?)
detroit,"Detroit, MI","@Monte266 Veltassa, saline, loop diuretics, dialysis"
atlanta,"Atlanta, GA",RT @SoCuteBabies: This is the most adorable thing I seen today.. https://t.co/kjIXQMDdv8
atlanta,"Atlanta,Ga.",RT @LexxgotS0LE: I'm thinking about a lot. I got a lot on my plate
houston,"Houston, TX",RT @sug_knight: .@giseleofficial https://t.co/aqcCF7RCEL
atlanta,"Atlanta, GA",RT @SexualGif: I LOVE BEING KISSED LIKE THAT https://t.co/BOAEhvIi4q
philadelphia,"Philadelphia, PA",@wtfisajayelect üò±üò±üò±üò±üò±
new orleans,"New Orleans, LA",@Iad3uxieme EXACTLY! üó£ lmao like whet?
denver,"Denver, CO",#NFL Wire: NFL will not discipline Jonathan Williams for arrest https://t.co/dF2vnwFqEa https://t.co/auJUGdNC98
miami,"Miami, FL",So guys... I finally watched #Avatar and wow wow wow. I freaking loved it! Now I want to go visit the world of Pandora üëåüèΩ
los angeles,"Los Angeles, CA",#NBA Wire: Report: Isiah Thomas a 'dark horse' to replace Phil Jackson as Knicks president https://t.co/djSz7TAHrx ‚Ä¶
chicago,"Chicago, IL",I wanna have my wedding in Greece or Maldives üå¥üòç
houston,"Houston, TX",I'm killing mfs hehe https://t.co/DMTETWNn1F
atlanta,"Atlanta, GA",@musingsofanEA talks #SmileCampaign? https://t.co/hgIyPJZG4Y #motivate #Elevate #empower #goals #dreamBig #selflove https://t.co/Kx9keTYrAe
seattle,"Seattle, WA",5 Rules for Going Into Personal Debt as an Entrepreneur https://t.co/XQKOP8SBf8 #_Business_Debt_ https://t.co/VnCRRfDHBT
chicago,Chicago Made,RT @Swaggy_Ray360: NIGGAS BE CHEATING ON PRETTY GIRLS WITH A BITCH THAT PUSSY SMELL LIKE POSSUM SPIT &amp; AND SPAGHETTI JUICE üò≠üò≠üò≠üò≠üò≠
chicago,"Chicago, IL","RT @Complex: üö® ALERT üö® 

Kanye West reportedly plans to tour in 2018 https://t.co/Ze74jw38Bb https://t.co/LEjc6kvJJB"
miami,Miami - Fort Lauderdale. W P,"RT @MaleEscortRockT: DO YOU WANT TO ENJOY THE END ?
https://t.co/RokyR7fe8d https://t.co/HkGjQAbN4k"
chicago,Chicago,RT @SamiraMariee: I'm tryna get drunk n nasty with my mans in a pool too https://t.co/jnpqbcV5c2
los angeles,"Los Angeles, CA",@RealCliveBarker @Neptunesalad Thank you thank you THANK YOU!
detroit,"Detroit, MI",RT @Michellesmile4: First vacation with him ‚ù§Ô∏èüòúüòò https://t.co/A5mOabXdTY
houston,Houston texas,RT @HornyFacts: don't date anyone who doesn't ask u about ur childhood &amp; ask why u are they way u are &amp; won't work to understand/accept tho‚Ä¶
los angeles,"Venice, Los Angeles",RT @Tayslee_Alexis: the new snap map feature weirds me out left and right
los angeles,"Los Angeles, CA",@TheKairi78 Non rhey
atlanta,Cali‚úàÔ∏èAtlanta‚úàÔ∏èLas Vegas,"RT @HITpol: GOP adds opioid money to health bill, fate remains in doubt https://t.co/4055xLLWpV in @modrnhealthcr"
dallas,"Dallas, TX",RT @spanishcvndy: I'm tired of y'all breaking my muthafucking heart like this and thinking it's ok. https://t.co/FhIoahEpcI
los angeles,los angeles,"RT @iamwilliewill: Me : people be ignorant as hell. Don't know how to act in public without fighting 

Also me when I hear: \" WASSUP\" https‚Ä¶"
detroit,Detroit,RT @TheShadeRoom: Awww Drake gave Chinx's son a cool stack! üí∞üí∞ https://t.co/XhYpJiGPXz
houston,houston tx,"@SavannahEmerald Sav I love you so much!! So grateful for our rants about boys, talks about life, and faithful comp‚Ä¶ https://t.co/DWGwnsEiUE"
atlanta,"Atlanta, GA",[Mixtape] R&amp;B Sexuation Vol. 12 @DJEvrytingCriss @DJTati718 @DJ_YoungShawn @DJBOSSCHIC ¬ª https://t.co/xALcjDh7xy https://t.co/mNFZsiuKf0
dallas,"Dallas, TX",someone plz talk to me work is so boring sos
atlanta,"Atlanta, Georgia",RT @FrostieMoss: Compelling US Civil War romance @SarahMallery1 #bookworm #eNovAaW #ASMSG https://t.co/LdvlI0D6FQ https://t.co/ng6u28KcEx
chicago,"Chicago, IL",That just tells me that foreign government is ingrained and multi-layered.
denver,"Denver, CO","RT @AwesomeFactory_: Maybe we should hook up one lucky fan with free tickets to this... 

6 tickets/3 shows/1 winner sounds like a nice‚Ä¶"
detroit,Detroit,-  https://t.co/WafQ9Xhoeb
denver,"Denver, CO",@bitemyapp Happy birthday!!! üòÄ
dallas,"Dallas, TX",I added a video to a @YouTube playlist https://t.co/6JYhIZAEpM Jake Paul Team 10 House Address April 2017!
atlanta,"Atlanta, GA",RT @karrueche: You a lame ass nigga https://t.co/G31EvHo0RB
chicago,"Chicago, IL",RT @iamwilliewill: After 2017 nobody cares about y'all no more. 2017 was the last of the 90s babies. Y'all 2000 babies on y'all own... http‚Ä¶
detroit,"Detroit, MI",RT @TakeMeHolm_MUFC: They say forgive and forget. I do that. I forgive them by forgetting about them. Its quite easy.
los angeles,"Los Angeles, CA","I was recently interviewed by Sheryl J. Estrada for Diversity Inc magazine, and we talked about a few small... https://t.co/hZa6u6YHnf"
atlanta,"Atlanta, GA",THAE CAPTION OMGüò≠üòÇüò≠üíÄ https://t.co/OnarmI1PNS
chicago,"Chicago, IL",Girlfriend charged after fatal shooting of man in alleged botched YouTube stunt https://t.co/K03WJRksDe
los angeles,"Los Angeles, CA",Trumps sexist vulgar behavior is NOT acceptable behavior from the President. Members of Congress need to grow a... https://t.co/HTFSTUQMSf
chicago,Chicago Bred,RT @LilTunechi: 4:44 x @S_C_ x 6/30 https://t.co/ZCyugjXFWP #TIDALXSprint https://t.co/xs9Lr4lMne
los angeles,"Los Angeles, CA",Lmao This band has a song named Pepe Silvia
los angeles,"1434 S Cloverdale Ave, Los Angeles, CA 90019, USA","Offred from 'The Handmaid's Tale' represents women in Trump's America, says Elisabeth Moss https://t.co/KKZ0P0LDuI https://t.co/UCTcOj45uw"
houston,"Houston, TX","RT @kellyn_davies: the LGBT community has NO RIGHT to even compare their \"struggles\" to that of our soldiers who risk their LIFE to fi‚Ä¶"
los angeles,Los Angeles California,"RT @buyerhere: @Jennier357 @LeahR77 No, it's still part of the United States. Just checked Wikipedia."
philadelphia,Philadelphia,-  https://t.co/chF21m70hu
boston,"Boston, MA","@vbebekseytan @kanalimahosgeld O y√ºzden e≈üim araba kullanƒ±rken yolu; senin tarafƒ±n, bana doƒüru diye tarif ediyorum‚Ä¶ https://t.co/kJvmaS5TYj"
los angeles,"Los Angeles, CA",A thorough account of every horrifying thing Phil Jackson did for the Knicks https://t.co/yaloqd8UVr
miami,"Miami Beach, FL",RT @frasesdebebadas: almocei https://t.co/X8lvoE3Fvh
atlanta,"Atlanta, GA","@German_Killua You just said white people have days-almost literally every day.

You're a fucking idiot.  Stop tweeting."
los angeles,"Los Angeles, CA",I can't stay up past 12 or I feel like shit waking up at 8 zZz
miami,"Miami, FL",Merci beaucoup c'est adorable üòò https://t.co/2oiL65qR0q
philadelphia,"Philadelphia, Pennsylvania USA","RT @Evan_McMullin: It must be said: if you're a Republican leader and you're still supporting President Trump, you own this."
los angeles,Los Angeles,"RT @Co_SwEuphoria: A Yakuza's existential despair. Fascinating #Ryuji (Á´ú‰∫å, Toru Kawashima, 1983 In Full) 
https://t.co/kkXELsXP2q https://t‚Ä¶"
houston,"Houston, TX",RT @picscomida: OLA TENHO INTERESSE https://t.co/SoyCp5j7zV
detroit,"Detroit, MI",Ain't bouta hop in rotation with booty crust particles on yo lip. No sir.
houston,"Houston, TX",üòÅ https://t.co/NwySXzjl0Q
atlanta,"Atlanta, GA",https://t.co/HrJjjMYkAD
dallas,"Makkah - Dallas, TX, U.S.A",RT @a_alhanyan: ÿßŸÑŸÖŸÅÿßŸàÿ∂ÿßÿ™ ŸÖÿ≥ÿ™ŸÖÿ±ÿ© ÿ®ŸäŸÜ ÿßŸÑŸáŸÑÿßŸÑ ŸàÿßŸÑÿ•ÿ™ŸÅÿßŸÇ ÿ®ÿ¥ÿ£ŸÜ ŸÉŸÜŸà ÿå ŸÑŸÑŸàÿµŸàŸÑ ÿ•ŸÑŸâ ŸÜŸÇÿ∑ÿ© ÿ•ÿ™ŸÅÿßŸÇ ÿå ŸÅŸä ÿ∏ŸÑ ÿ±ÿ∫ÿ®ÿ© ÿßŸÑŸÑÿßÿπÿ® ŸÖÿ∫ÿßÿØÿ±ÿ© ÿ£ÿ≥Ÿàÿßÿ± ÿßŸÑŸÜÿßÿØŸä .
houston,Houston,RT @PlatinumPennys: $AFOM announced that Wendy Starland has been named the Creative Consultant. She has worked with Lady GaGa https://t.co/‚Ä¶
chicago,CHICAGO - E N G L E W O O D,@0NED0LLAR lol not yet
los angeles,Los Angeles,"#EmojiSuggestionBox a beach ball would be nice. I'm thinking green, blue and white so it's different colors than the beach umbrella ‚õ±"
denver,"Denver, CO",RT @PostMalone: bitch Link is NOT ZELDA
seattle,"Seattle, WA",A vid my sis sent me. That face!! #instacat #ilovecats #catsoninstagram #catsagram #catlove‚Ä¶ https://t.co/5QC2fz9c34
houston,"Houston, TX","RT @KelsVaughn: This is why I'm mad, girls now a days don't go through this stage it's just not right https://t.co/e6N5R9tXRX"
dallas,"Dallas/San Marcos, TX",RT @luccygomezz: @OGBEARD This is how I feel with y'all.. @HailLordT @Brian_A96 @VIDCXCVI
los angeles,Los Angeles,I‚Äôm actually the meanest person when I‚Äôm stressed. I would literally yell shut up to anything that is making noise.
los angeles,"Los Angeles, CA",@kimi_konishi did you just retweet your own tweet..
seattle,"Seattle, WA",I liked a @YouTube video https://t.co/Js4gF4RX1M Wild Camping Highlander Hawk Bivvy. Summer Solstice. 20th 21st June 2017.
